jday,tmean,site
1,-8.89,Foote
2,-8.77,Foote
3,-8.65,Foote
4,-8.52,Foote
5,-8.4,Foote
6,-8.27,Foote
7,-8.15,Foote
8,-8.02,Foote
9,-7.9,Foote
10,-7.77,Foote
11,-7.65,Foote
12,-7.52,Foote
13,-7.39,Foote
14,-7.27,Foote
15,-7.14,Foote
16,-7.01,Foote
17,-6.89,Foote
18,-6.76,Foote
19,-6.63,Foote
20,-6.5,Foote
21,-6.37,Foote
22,-6.24,Foote
23,-6.11,Foote
24,-5.98,Foote
25,-5.85,Foote
26,-5.72,Foote
27,-5.59,Foote
28,-5.45,Foote
29,-5.32,Foote
30,-5.19,Foote
31,-5.05,Foote
32,-4.92,Foote
33,-4.78,Foote
34,-4.65,Foote
35,-4.51,Foote
36,-4.37,Foote
37,-4.24,Foote
38,-4.1,Foote
39,-3.96,Foote
40,-3.82,Foote
41,-3.68,Foote
42,-3.54,Foote
43,-3.39,Foote
44,-3.25,Foote
45,-3.11,Foote
46,-2.96,Foote
47,-2.82,Foote
48,-2.67,Foote
49,-2.53,Foote
50,-2.38,Foote
51,-2.23,Foote
52,-2.08,Foote
53,-1.93,Foote
54,-1.78,Foote
55,-1.63,Foote
56,-1.48,Foote
57,-1.32,Foote
58,-1.17,Foote
59,-1.02,Foote
60,-0.86,Foote
61,-0.71,Foote
62,-0.55,Foote
63,-0.39,Foote
64,-0.24,Foote
65,-0.08,Foote
66,0.08,Foote
67,0.24,Foote
68,0.39,Foote
69,0.55,Foote
70,0.71,Foote
71,0.87,Foote
72,1.03,Foote
73,1.19,Foote
74,1.35,Foote
75,1.5,Foote
76,1.66,Foote
77,1.82,Foote
78,1.98,Foote
79,2.14,Foote
80,2.3,Foote
81,2.46,Foote
82,2.62,Foote
83,2.78,Foote
84,2.93,Foote
85,3.09,Foote
86,3.25,Foote
87,3.41,Foote
88,3.56,Foote
89,3.72,Foote
90,3.88,Foote
91,4.03,Foote
92,4.19,Foote
93,4.35,Foote
94,4.51,Foote
95,4.67,Foote
96,4.84,Foote
97,5.01,Foote
98,5.18,Foote
99,5.36,Foote
100,5.53,Foote
101,5.72,Foote
102,5.9,Foote
103,6.08,Foote
104,6.27,Foote
105,6.46,Foote
106,6.65,Foote
107,6.84,Foote
108,7.03,Foote
109,7.23,Foote
110,7.42,Foote
111,7.62,Foote
112,7.81,Foote
113,8.01,Foote
114,8.2,Foote
115,8.4,Foote
116,8.6,Foote
117,8.79,Foote
118,8.99,Foote
119,9.18,Foote
120,9.38,Foote
121,9.57,Foote
122,9.77,Foote
123,9.96,Foote
124,10.15,Foote
125,10.33,Foote
126,10.52,Foote
127,10.71,Foote
128,10.89,Foote
129,11.07,Foote
130,11.25,Foote
131,11.42,Foote
132,11.59,Foote
133,11.76,Foote
134,11.93,Foote
135,12.09,Foote
136,12.25,Foote
137,12.41,Foote
138,12.56,Foote
139,12.72,Foote
140,12.87,Foote
141,13.03,Foote
142,13.19,Foote
143,13.35,Foote
144,13.52,Foote
145,13.68,Foote
146,13.85,Foote
147,14.02,Foote
148,14.19,Foote
149,14.36,Foote
150,14.53,Foote
151,14.71,Foote
152,14.88,Foote
153,15.05,Foote
154,15.22,Foote
155,15.4,Foote
156,15.57,Foote
157,15.74,Foote
158,15.91,Foote
159,16.07,Foote
160,16.24,Foote
161,16.4,Foote
162,16.57,Foote
163,16.73,Foote
164,16.88,Foote
165,17.04,Foote
166,17.19,Foote
167,17.34,Foote
168,17.48,Foote
169,17.62,Foote
170,17.76,Foote
171,17.89,Foote
172,18.02,Foote
173,18.15,Foote
174,18.27,Foote
175,18.38,Foote
176,18.49,Foote
177,18.59,Foote
178,18.69,Foote
179,18.78,Foote
180,18.87,Foote
181,18.95,Foote
182,19.02,Foote
183,19.08,Foote
184,19.14,Foote
185,19.2,Foote
186,19.26,Foote
187,19.31,Foote
188,19.36,Foote
189,19.41,Foote
190,19.45,Foote
191,19.5,Foote
192,19.53,Foote
193,19.57,Foote
194,19.61,Foote
195,19.64,Foote
196,19.67,Foote
197,19.69,Foote
198,19.72,Foote
199,19.74,Foote
200,19.75,Foote
201,19.77,Foote
202,19.78,Foote
203,19.79,Foote
204,19.8,Foote
205,19.8,Foote
206,19.8,Foote
207,19.8,Foote
208,19.8,Foote
209,19.79,Foote
210,19.78,Foote
211,19.77,Foote
212,19.76,Foote
213,19.74,Foote
214,19.72,Foote
215,19.7,Foote
216,19.67,Foote
217,19.64,Foote
218,19.61,Foote
219,19.58,Foote
220,19.54,Foote
221,19.5,Foote
222,19.46,Foote
223,19.41,Foote
224,19.36,Foote
225,19.31,Foote
226,19.26,Foote
227,19.2,Foote
228,19.14,Foote
229,19.08,Foote
230,19.01,Foote
231,18.94,Foote
232,18.87,Foote
233,18.79,Foote
234,18.7,Foote
235,18.62,Foote
236,18.53,Foote
237,18.43,Foote
238,18.33,Foote
239,18.23,Foote
240,18.13,Foote
241,18.02,Foote
242,17.91,Foote
243,17.79,Foote
244,17.67,Foote
245,17.55,Foote
246,17.43,Foote
247,17.3,Foote
248,17.17,Foote
249,17.04,Foote
250,16.91,Foote
251,16.77,Foote
252,16.64,Foote
253,16.5,Foote
254,16.36,Foote
255,16.21,Foote
256,16.07,Foote
257,15.92,Foote
258,15.77,Foote
259,15.62,Foote
260,15.47,Foote
261,15.32,Foote
262,15.17,Foote
263,15.02,Foote
264,14.86,Foote
265,14.71,Foote
266,14.55,Foote
267,14.4,Foote
268,14.24,Foote
269,14.08,Foote
270,13.93,Foote
271,13.77,Foote
272,13.61,Foote
273,13.46,Foote
274,13.3,Foote
275,13.15,Foote
276,12.99,Foote
277,12.82,Foote
278,12.66,Foote
279,12.5,Foote
280,12.33,Foote
281,12.16,Foote
282,11.99,Foote
283,11.81,Foote
284,11.63,Foote
285,11.46,Foote
286,11.28,Foote
287,11.09,Foote
288,10.91,Foote
289,10.72,Foote
290,10.53,Foote
291,10.34,Foote
292,10.15,Foote
293,9.95,Foote
294,9.76,Foote
295,9.56,Foote
296,9.36,Foote
297,9.16,Foote
298,8.95,Foote
299,8.75,Foote
300,8.54,Foote
301,8.33,Foote
302,8.12,Foote
303,7.91,Foote
304,7.69,Foote
305,7.47,Foote
306,7.26,Foote
307,7.04,Foote
308,6.82,Foote
309,6.59,Foote
310,6.37,Foote
311,6.14,Foote
312,5.91,Foote
313,5.69,Foote
314,5.46,Foote
315,5.22,Foote
316,4.99,Foote
317,4.75,Foote
318,4.52,Foote
319,4.28,Foote
320,4.04,Foote
321,3.8,Foote
322,3.56,Foote
323,3.31,Foote
324,3.07,Foote
325,2.82,Foote
326,2.57,Foote
327,2.32,Foote
328,2.07,Foote
329,1.82,Foote
330,1.57,Foote
331,1.31,Foote
332,1.05,Foote
333,0.79,Foote
334,0.53,Foote
335,0.27,Foote
336,0.01,Foote
337,-0.26,Foote
338,-0.53,Foote
339,-0.79,Foote
340,-1.07,Foote
341,-1.34,Foote
342,-1.61,Foote
343,-1.89,Foote
344,-2.16,Foote
345,-2.44,Foote
346,-2.72,Foote
347,-3,Foote
348,-3.29,Foote
349,-3.57,Foote
350,-3.86,Foote
351,-4.15,Foote
352,-4.44,Foote
353,-4.73,Foote
354,-5.03,Foote
355,-5.32,Foote
356,-5.62,Foote
357,-5.92,Foote
358,-6.22,Foote
359,-6.53,Foote
360,-6.83,Foote
361,-7.14,Foote
362,-7.45,Foote
363,-7.76,Foote
364,-8.07,Foote
365,-8.38,Foote
366,-8.7,Foote
1,-10.55,Frost
2,-10.43,Frost
3,-10.31,Frost
4,-10.19,Frost
5,-10.07,Frost
6,-9.95,Frost
7,-9.83,Frost
8,-9.71,Frost
9,-9.58,Frost
10,-9.46,Frost
11,-9.34,Frost
12,-9.22,Frost
13,-9.1,Frost
14,-8.97,Frost
15,-8.85,Frost
16,-8.73,Frost
17,-8.6,Frost
18,-8.48,Frost
19,-8.36,Frost
20,-8.23,Frost
21,-8.11,Frost
22,-7.98,Frost
23,-7.85,Frost
24,-7.73,Frost
25,-7.6,Frost
26,-7.47,Frost
27,-7.35,Frost
28,-7.22,Frost
29,-7.09,Frost
30,-6.96,Frost
31,-6.83,Frost
32,-6.7,Frost
33,-6.57,Frost
34,-6.44,Frost
35,-6.3,Frost
36,-6.17,Frost
37,-6.04,Frost
38,-5.9,Frost
39,-5.77,Frost
40,-5.63,Frost
41,-5.5,Frost
42,-5.36,Frost
43,-5.22,Frost
44,-5.08,Frost
45,-4.94,Frost
46,-4.8,Frost
47,-4.66,Frost
48,-4.52,Frost
49,-4.38,Frost
50,-4.24,Frost
51,-4.09,Frost
52,-3.95,Frost
53,-3.8,Frost
54,-3.65,Frost
55,-3.51,Frost
56,-3.36,Frost
57,-3.21,Frost
58,-3.06,Frost
59,-2.91,Frost
60,-2.76,Frost
61,-2.61,Frost
62,-2.46,Frost
63,-2.31,Frost
64,-2.16,Frost
65,-2,Frost
66,-1.85,Frost
67,-1.7,Frost
68,-1.54,Frost
69,-1.39,Frost
70,-1.24,Frost
71,-1.08,Frost
72,-0.93,Frost
73,-0.77,Frost
74,-0.62,Frost
75,-0.46,Frost
76,-0.31,Frost
77,-0.15,Frost
78,0,Frost
79,0.15,Frost
80,0.31,Frost
81,0.46,Frost
82,0.62,Frost
83,0.77,Frost
84,0.93,Frost
85,1.08,Frost
86,1.23,Frost
87,1.38,Frost
88,1.54,Frost
89,1.69,Frost
90,1.84,Frost
91,1.99,Frost
92,2.14,Frost
93,2.3,Frost
94,2.45,Frost
95,2.61,Frost
96,2.77,Frost
97,2.94,Frost
98,3.11,Frost
99,3.28,Frost
100,3.45,Frost
101,3.63,Frost
102,3.8,Frost
103,3.98,Frost
104,4.17,Frost
105,4.35,Frost
106,4.53,Frost
107,4.72,Frost
108,4.91,Frost
109,5.1,Frost
110,5.29,Frost
111,5.48,Frost
112,5.67,Frost
113,5.86,Frost
114,6.05,Frost
115,6.24,Frost
116,6.43,Frost
117,6.62,Frost
118,6.81,Frost
119,7,Frost
120,7.19,Frost
121,7.38,Frost
122,7.57,Frost
123,7.76,Frost
124,7.94,Frost
125,8.12,Frost
126,8.31,Frost
127,8.49,Frost
128,8.66,Frost
129,8.84,Frost
130,9.01,Frost
131,9.18,Frost
132,9.35,Frost
133,9.51,Frost
134,9.68,Frost
135,9.84,Frost
136,9.99,Frost
137,10.14,Frost
138,10.29,Frost
139,10.44,Frost
140,10.59,Frost
141,10.74,Frost
142,10.9,Frost
143,11.06,Frost
144,11.21,Frost
145,11.38,Frost
146,11.54,Frost
147,11.7,Frost
148,11.86,Frost
149,12.03,Frost
150,12.2,Frost
151,12.36,Frost
152,12.53,Frost
153,12.69,Frost
154,12.86,Frost
155,13.02,Frost
156,13.19,Frost
157,13.35,Frost
158,13.51,Frost
159,13.67,Frost
160,13.83,Frost
161,13.99,Frost
162,14.15,Frost
163,14.3,Frost
164,14.45,Frost
165,14.6,Frost
166,14.74,Frost
167,14.89,Frost
168,15.02,Frost
169,15.16,Frost
170,15.29,Frost
171,15.42,Frost
172,15.54,Frost
173,15.66,Frost
174,15.78,Frost
175,15.89,Frost
176,15.99,Frost
177,16.09,Frost
178,16.18,Frost
179,16.27,Frost
180,16.36,Frost
181,16.43,Frost
182,16.5,Frost
183,16.57,Frost
184,16.63,Frost
185,16.68,Frost
186,16.74,Frost
187,16.79,Frost
188,16.84,Frost
189,16.89,Frost
190,16.93,Frost
191,16.97,Frost
192,17.01,Frost
193,17.05,Frost
194,17.08,Frost
195,17.11,Frost
196,17.14,Frost
197,17.17,Frost
198,17.19,Frost
199,17.21,Frost
200,17.23,Frost
201,17.25,Frost
202,17.26,Frost
203,17.27,Frost
204,17.28,Frost
205,17.28,Frost
206,17.28,Frost
207,17.28,Frost
208,17.28,Frost
209,17.28,Frost
210,17.27,Frost
211,17.26,Frost
212,17.24,Frost
213,17.23,Frost
214,17.21,Frost
215,17.19,Frost
216,17.17,Frost
217,17.14,Frost
218,17.11,Frost
219,17.08,Frost
220,17.04,Frost
221,17.01,Frost
222,16.97,Frost
223,16.93,Frost
224,16.88,Frost
225,16.83,Frost
226,16.78,Frost
227,16.73,Frost
228,16.67,Frost
229,16.62,Frost
230,16.55,Frost
231,16.49,Frost
232,16.42,Frost
233,16.34,Frost
234,16.27,Frost
235,16.18,Frost
236,16.1,Frost
237,16.01,Frost
238,15.92,Frost
239,15.82,Frost
240,15.73,Frost
241,15.62,Frost
242,15.52,Frost
243,15.41,Frost
244,15.3,Frost
245,15.19,Frost
246,15.07,Frost
247,14.96,Frost
248,14.83,Frost
249,14.71,Frost
250,14.59,Frost
251,14.46,Frost
252,14.33,Frost
253,14.2,Frost
254,14.06,Frost
255,13.93,Frost
256,13.79,Frost
257,13.65,Frost
258,13.51,Frost
259,13.37,Frost
260,13.23,Frost
261,13.09,Frost
262,12.94,Frost
263,12.8,Frost
264,12.65,Frost
265,12.5,Frost
266,12.35,Frost
267,12.2,Frost
268,12.06,Frost
269,11.91,Frost
270,11.76,Frost
271,11.61,Frost
272,11.45,Frost
273,11.3,Frost
274,11.15,Frost
275,11,Frost
276,10.85,Frost
277,10.69,Frost
278,10.53,Frost
279,10.37,Frost
280,10.21,Frost
281,10.05,Frost
282,9.88,Frost
283,9.71,Frost
284,9.54,Frost
285,9.37,Frost
286,9.19,Frost
287,9.02,Frost
288,8.84,Frost
289,8.66,Frost
290,8.48,Frost
291,8.29,Frost
292,8.1,Frost
293,7.92,Frost
294,7.72,Frost
295,7.53,Frost
296,7.34,Frost
297,7.14,Frost
298,6.94,Frost
299,6.74,Frost
300,6.54,Frost
301,6.34,Frost
302,6.14,Frost
303,5.93,Frost
304,5.72,Frost
305,5.51,Frost
306,5.3,Frost
307,5.08,Frost
308,4.87,Frost
309,4.65,Frost
310,4.43,Frost
311,4.21,Frost
312,3.99,Frost
313,3.77,Frost
314,3.55,Frost
315,3.32,Frost
316,3.09,Frost
317,2.86,Frost
318,2.63,Frost
319,2.4,Frost
320,2.17,Frost
321,1.93,Frost
322,1.69,Frost
323,1.46,Frost
324,1.22,Frost
325,0.97,Frost
326,0.73,Frost
327,0.49,Frost
328,0.24,Frost
329,-0.01,Frost
330,-0.26,Frost
331,-0.51,Frost
332,-0.76,Frost
333,-1.01,Frost
334,-1.27,Frost
335,-1.53,Frost
336,-1.78,Frost
337,-2.04,Frost
338,-2.31,Frost
339,-2.57,Frost
340,-2.84,Frost
341,-3.1,Frost
342,-3.37,Frost
343,-3.64,Frost
344,-3.91,Frost
345,-4.19,Frost
346,-4.46,Frost
347,-4.74,Frost
348,-5.02,Frost
349,-5.3,Frost
350,-5.58,Frost
351,-5.87,Frost
352,-6.15,Frost
353,-6.44,Frost
354,-6.73,Frost
355,-7.02,Frost
356,-7.31,Frost
357,-7.61,Frost
358,-7.9,Frost
359,-8.2,Frost
360,-8.5,Frost
361,-8.81,Frost
362,-9.11,Frost
363,-9.41,Frost
364,-9.72,Frost
365,-10.03,Frost
366,-10.34,Frost
1,-8.98,Chipman
2,-8.86,Chipman
3,-8.73,Chipman
4,-8.61,Chipman
5,-8.49,Chipman
6,-8.36,Chipman
7,-8.24,Chipman
8,-8.11,Chipman
9,-7.99,Chipman
10,-7.86,Chipman
11,-7.74,Chipman
12,-7.61,Chipman
13,-7.48,Chipman
14,-7.36,Chipman
15,-7.23,Chipman
16,-7.1,Chipman
17,-6.98,Chipman
18,-6.85,Chipman
19,-6.72,Chipman
20,-6.59,Chipman
21,-6.46,Chipman
22,-6.33,Chipman
23,-6.2,Chipman
24,-6.07,Chipman
25,-5.94,Chipman
26,-5.81,Chipman
27,-5.67,Chipman
28,-5.54,Chipman
29,-5.41,Chipman
30,-5.27,Chipman
31,-5.14,Chipman
32,-5,Chipman
33,-4.87,Chipman
34,-4.73,Chipman
35,-4.6,Chipman
36,-4.46,Chipman
37,-4.32,Chipman
38,-4.18,Chipman
39,-4.04,Chipman
40,-3.9,Chipman
41,-3.76,Chipman
42,-3.62,Chipman
43,-3.48,Chipman
44,-3.33,Chipman
45,-3.19,Chipman
46,-3.05,Chipman
47,-2.9,Chipman
48,-2.75,Chipman
49,-2.61,Chipman
50,-2.46,Chipman
51,-2.31,Chipman
52,-2.16,Chipman
53,-2.01,Chipman
54,-1.86,Chipman
55,-1.71,Chipman
56,-1.55,Chipman
57,-1.4,Chipman
58,-1.24,Chipman
59,-1.09,Chipman
60,-0.93,Chipman
61,-0.78,Chipman
62,-0.62,Chipman
63,-0.47,Chipman
64,-0.31,Chipman
65,-0.15,Chipman
66,0.01,Chipman
67,0.17,Chipman
68,0.32,Chipman
69,0.48,Chipman
70,0.64,Chipman
71,0.8,Chipman
72,0.96,Chipman
73,1.12,Chipman
74,1.28,Chipman
75,1.44,Chipman
76,1.6,Chipman
77,1.76,Chipman
78,1.92,Chipman
79,2.08,Chipman
80,2.24,Chipman
81,2.4,Chipman
82,2.56,Chipman
83,2.72,Chipman
84,2.88,Chipman
85,3.04,Chipman
86,3.2,Chipman
87,3.35,Chipman
88,3.51,Chipman
89,3.67,Chipman
90,3.83,Chipman
91,3.98,Chipman
92,4.14,Chipman
93,4.3,Chipman
94,4.46,Chipman
95,4.62,Chipman
96,4.79,Chipman
97,4.96,Chipman
98,5.14,Chipman
99,5.31,Chipman
100,5.49,Chipman
101,5.68,Chipman
102,5.86,Chipman
103,6.05,Chipman
104,6.23,Chipman
105,6.42,Chipman
106,6.61,Chipman
107,6.81,Chipman
108,7,Chipman
109,7.2,Chipman
110,7.39,Chipman
111,7.59,Chipman
112,7.79,Chipman
113,7.98,Chipman
114,8.18,Chipman
115,8.38,Chipman
116,8.58,Chipman
117,8.78,Chipman
118,8.97,Chipman
119,9.17,Chipman
120,9.36,Chipman
121,9.56,Chipman
122,9.75,Chipman
123,9.95,Chipman
124,10.14,Chipman
125,10.33,Chipman
126,10.52,Chipman
127,10.7,Chipman
128,10.88,Chipman
129,11.07,Chipman
130,11.25,Chipman
131,11.42,Chipman
132,11.6,Chipman
133,11.77,Chipman
134,11.94,Chipman
135,12.1,Chipman
136,12.26,Chipman
137,12.42,Chipman
138,12.57,Chipman
139,12.73,Chipman
140,12.88,Chipman
141,13.04,Chipman
142,13.2,Chipman
143,13.37,Chipman
144,13.53,Chipman
145,13.7,Chipman
146,13.87,Chipman
147,14.04,Chipman
148,14.21,Chipman
149,14.39,Chipman
150,14.56,Chipman
151,14.73,Chipman
152,14.91,Chipman
153,15.08,Chipman
154,15.26,Chipman
155,15.43,Chipman
156,15.6,Chipman
157,15.78,Chipman
158,15.95,Chipman
159,16.11,Chipman
160,16.28,Chipman
161,16.45,Chipman
162,16.61,Chipman
163,16.77,Chipman
164,16.93,Chipman
165,17.09,Chipman
166,17.24,Chipman
167,17.39,Chipman
168,17.54,Chipman
169,17.68,Chipman
170,17.82,Chipman
171,17.95,Chipman
172,18.08,Chipman
173,18.21,Chipman
174,18.33,Chipman
175,18.44,Chipman
176,18.55,Chipman
177,18.66,Chipman
178,18.76,Chipman
179,18.85,Chipman
180,18.94,Chipman
181,19.02,Chipman
182,19.09,Chipman
183,19.16,Chipman
184,19.22,Chipman
185,19.28,Chipman
186,19.33,Chipman
187,19.39,Chipman
188,19.44,Chipman
189,19.48,Chipman
190,19.53,Chipman
191,19.57,Chipman
192,19.61,Chipman
193,19.65,Chipman
194,19.68,Chipman
195,19.72,Chipman
196,19.75,Chipman
197,19.77,Chipman
198,19.8,Chipman
199,19.82,Chipman
200,19.84,Chipman
201,19.85,Chipman
202,19.86,Chipman
203,19.87,Chipman
204,19.88,Chipman
205,19.89,Chipman
206,19.89,Chipman
207,19.89,Chipman
208,19.88,Chipman
209,19.88,Chipman
210,19.87,Chipman
211,19.86,Chipman
212,19.84,Chipman
213,19.83,Chipman
214,19.81,Chipman
215,19.78,Chipman
216,19.76,Chipman
217,19.73,Chipman
218,19.7,Chipman
219,19.66,Chipman
220,19.63,Chipman
221,19.59,Chipman
222,19.54,Chipman
223,19.5,Chipman
224,19.45,Chipman
225,19.4,Chipman
226,19.34,Chipman
227,19.29,Chipman
228,19.23,Chipman
229,19.17,Chipman
230,19.1,Chipman
231,19.03,Chipman
232,18.96,Chipman
233,18.88,Chipman
234,18.79,Chipman
235,18.71,Chipman
236,18.62,Chipman
237,18.52,Chipman
238,18.42,Chipman
239,18.32,Chipman
240,18.22,Chipman
241,18.11,Chipman
242,17.99,Chipman
243,17.88,Chipman
244,17.76,Chipman
245,17.64,Chipman
246,17.52,Chipman
247,17.39,Chipman
248,17.26,Chipman
249,17.13,Chipman
250,17,Chipman
251,16.86,Chipman
252,16.72,Chipman
253,16.58,Chipman
254,16.44,Chipman
255,16.3,Chipman
256,16.15,Chipman
257,16.01,Chipman
258,15.86,Chipman
259,15.71,Chipman
260,15.56,Chipman
261,15.41,Chipman
262,15.25,Chipman
263,15.1,Chipman
264,14.94,Chipman
265,14.79,Chipman
266,14.63,Chipman
267,14.48,Chipman
268,14.32,Chipman
269,14.16,Chipman
270,14.01,Chipman
271,13.85,Chipman
272,13.69,Chipman
273,13.54,Chipman
274,13.38,Chipman
275,13.22,Chipman
276,13.06,Chipman
277,12.9,Chipman
278,12.74,Chipman
279,12.57,Chipman
280,12.4,Chipman
281,12.23,Chipman
282,12.06,Chipman
283,11.89,Chipman
284,11.71,Chipman
285,11.53,Chipman
286,11.35,Chipman
287,11.16,Chipman
288,10.98,Chipman
289,10.79,Chipman
290,10.6,Chipman
291,10.41,Chipman
292,10.22,Chipman
293,10.02,Chipman
294,9.83,Chipman
295,9.63,Chipman
296,9.43,Chipman
297,9.22,Chipman
298,9.02,Chipman
299,8.81,Chipman
300,8.6,Chipman
301,8.39,Chipman
302,8.18,Chipman
303,7.97,Chipman
304,7.75,Chipman
305,7.54,Chipman
306,7.32,Chipman
307,7.1,Chipman
308,6.87,Chipman
309,6.65,Chipman
310,6.43,Chipman
311,6.2,Chipman
312,5.97,Chipman
313,5.74,Chipman
314,5.51,Chipman
315,5.28,Chipman
316,5.04,Chipman
317,4.81,Chipman
318,4.57,Chipman
319,4.33,Chipman
320,4.09,Chipman
321,3.85,Chipman
322,3.6,Chipman
323,3.36,Chipman
324,3.11,Chipman
325,2.87,Chipman
326,2.62,Chipman
327,2.37,Chipman
328,2.11,Chipman
329,1.86,Chipman
330,1.61,Chipman
331,1.35,Chipman
332,1.09,Chipman
333,0.83,Chipman
334,0.57,Chipman
335,0.3,Chipman
336,0.04,Chipman
337,-0.23,Chipman
338,-0.49,Chipman
339,-0.76,Chipman
340,-1.04,Chipman
341,-1.31,Chipman
342,-1.58,Chipman
343,-1.86,Chipman
344,-2.14,Chipman
345,-2.42,Chipman
346,-2.7,Chipman
347,-2.98,Chipman
348,-3.27,Chipman
349,-3.55,Chipman
350,-3.84,Chipman
351,-4.13,Chipman
352,-4.43,Chipman
353,-4.72,Chipman
354,-5.01,Chipman
355,-5.31,Chipman
356,-5.61,Chipman
357,-5.91,Chipman
358,-6.21,Chipman
359,-6.52,Chipman
360,-6.82,Chipman
361,-7.13,Chipman
362,-7.44,Chipman
363,-7.75,Chipman
364,-8.07,Chipman
365,-8.38,Chipman
366,-8.7,Chipman
1,-11.19,Crystal
2,-11.07,Crystal
3,-10.95,Crystal
4,-10.84,Crystal
5,-10.72,Crystal
6,-10.6,Crystal
7,-10.49,Crystal
8,-10.37,Crystal
9,-10.25,Crystal
10,-10.13,Crystal
11,-10.01,Crystal
12,-9.9,Crystal
13,-9.78,Crystal
14,-9.66,Crystal
15,-9.54,Crystal
16,-9.42,Crystal
17,-9.3,Crystal
18,-9.18,Crystal
19,-9.05,Crystal
20,-8.93,Crystal
21,-8.81,Crystal
22,-8.69,Crystal
23,-8.57,Crystal
24,-8.44,Crystal
25,-8.32,Crystal
26,-8.19,Crystal
27,-8.07,Crystal
28,-7.94,Crystal
29,-7.82,Crystal
30,-7.69,Crystal
31,-7.56,Crystal
32,-7.44,Crystal
33,-7.31,Crystal
34,-7.18,Crystal
35,-7.05,Crystal
36,-6.92,Crystal
37,-6.79,Crystal
38,-6.66,Crystal
39,-6.52,Crystal
40,-6.39,Crystal
41,-6.26,Crystal
42,-6.12,Crystal
43,-5.99,Crystal
44,-5.85,Crystal
45,-5.72,Crystal
46,-5.58,Crystal
47,-5.44,Crystal
48,-5.3,Crystal
49,-5.16,Crystal
50,-5.02,Crystal
51,-4.88,Crystal
52,-4.74,Crystal
53,-4.59,Crystal
54,-4.45,Crystal
55,-4.31,Crystal
56,-4.16,Crystal
57,-4.01,Crystal
58,-3.87,Crystal
59,-3.72,Crystal
60,-3.57,Crystal
61,-3.42,Crystal
62,-3.28,Crystal
63,-3.13,Crystal
64,-2.98,Crystal
65,-2.83,Crystal
66,-2.68,Crystal
67,-2.52,Crystal
68,-2.37,Crystal
69,-2.22,Crystal
70,-2.07,Crystal
71,-1.92,Crystal
72,-1.77,Crystal
73,-1.61,Crystal
74,-1.46,Crystal
75,-1.31,Crystal
76,-1.16,Crystal
77,-1,Crystal
78,-0.85,Crystal
79,-0.7,Crystal
80,-0.55,Crystal
81,-0.4,Crystal
82,-0.24,Crystal
83,-0.09,Crystal
84,0.06,Crystal
85,0.21,Crystal
86,0.36,Crystal
87,0.51,Crystal
88,0.66,Crystal
89,0.82,Crystal
90,0.96,Crystal
91,1.11,Crystal
92,1.26,Crystal
93,1.41,Crystal
94,1.57,Crystal
95,1.73,Crystal
96,1.89,Crystal
97,2.05,Crystal
98,2.22,Crystal
99,2.38,Crystal
100,2.56,Crystal
101,2.73,Crystal
102,2.91,Crystal
103,3.08,Crystal
104,3.26,Crystal
105,3.45,Crystal
106,3.63,Crystal
107,3.81,Crystal
108,4,Crystal
109,4.19,Crystal
110,4.37,Crystal
111,4.56,Crystal
112,4.75,Crystal
113,4.94,Crystal
114,5.13,Crystal
115,5.32,Crystal
116,5.51,Crystal
117,5.7,Crystal
118,5.89,Crystal
119,6.08,Crystal
120,6.27,Crystal
121,6.45,Crystal
122,6.64,Crystal
123,6.82,Crystal
124,7.01,Crystal
125,7.19,Crystal
126,7.37,Crystal
127,7.55,Crystal
128,7.73,Crystal
129,7.9,Crystal
130,8.07,Crystal
131,8.24,Crystal
132,8.41,Crystal
133,8.57,Crystal
134,8.73,Crystal
135,8.89,Crystal
136,9.05,Crystal
137,9.2,Crystal
138,9.34,Crystal
139,9.49,Crystal
140,9.64,Crystal
141,9.79,Crystal
142,9.95,Crystal
143,10.1,Crystal
144,10.26,Crystal
145,10.42,Crystal
146,10.58,Crystal
147,10.74,Crystal
148,10.91,Crystal
149,11.07,Crystal
150,11.23,Crystal
151,11.4,Crystal
152,11.56,Crystal
153,11.73,Crystal
154,11.89,Crystal
155,12.06,Crystal
156,12.22,Crystal
157,12.38,Crystal
158,12.54,Crystal
159,12.7,Crystal
160,12.86,Crystal
161,13.02,Crystal
162,13.17,Crystal
163,13.32,Crystal
164,13.47,Crystal
165,13.62,Crystal
166,13.77,Crystal
167,13.91,Crystal
168,14.05,Crystal
169,14.18,Crystal
170,14.31,Crystal
171,14.44,Crystal
172,14.56,Crystal
173,14.68,Crystal
174,14.8,Crystal
175,14.91,Crystal
176,15.01,Crystal
177,15.11,Crystal
178,15.21,Crystal
179,15.29,Crystal
180,15.38,Crystal
181,15.46,Crystal
182,15.53,Crystal
183,15.59,Crystal
184,15.65,Crystal
185,15.71,Crystal
186,15.77,Crystal
187,15.82,Crystal
188,15.87,Crystal
189,15.92,Crystal
190,15.97,Crystal
191,16.01,Crystal
192,16.05,Crystal
193,16.09,Crystal
194,16.13,Crystal
195,16.16,Crystal
196,16.2,Crystal
197,16.22,Crystal
198,16.25,Crystal
199,16.28,Crystal
200,16.3,Crystal
201,16.32,Crystal
202,16.33,Crystal
203,16.35,Crystal
204,16.36,Crystal
205,16.37,Crystal
206,16.38,Crystal
207,16.38,Crystal
208,16.38,Crystal
209,16.38,Crystal
210,16.37,Crystal
211,16.37,Crystal
212,16.36,Crystal
213,16.35,Crystal
214,16.33,Crystal
215,16.32,Crystal
216,16.29,Crystal
217,16.27,Crystal
218,16.25,Crystal
219,16.22,Crystal
220,16.19,Crystal
221,16.15,Crystal
222,16.12,Crystal
223,16.08,Crystal
224,16.04,Crystal
225,15.99,Crystal
226,15.94,Crystal
227,15.89,Crystal
228,15.84,Crystal
229,15.78,Crystal
230,15.72,Crystal
231,15.66,Crystal
232,15.59,Crystal
233,15.52,Crystal
234,15.45,Crystal
235,15.37,Crystal
236,15.29,Crystal
237,15.2,Crystal
238,15.11,Crystal
239,15.02,Crystal
240,14.92,Crystal
241,14.82,Crystal
242,14.72,Crystal
243,14.62,Crystal
244,14.51,Crystal
245,14.4,Crystal
246,14.29,Crystal
247,14.17,Crystal
248,14.05,Crystal
249,13.93,Crystal
250,13.81,Crystal
251,13.68,Crystal
252,13.56,Crystal
253,13.43,Crystal
254,13.3,Crystal
255,13.16,Crystal
256,13.03,Crystal
257,12.89,Crystal
258,12.76,Crystal
259,12.62,Crystal
260,12.48,Crystal
261,12.34,Crystal
262,12.19,Crystal
263,12.05,Crystal
264,11.9,Crystal
265,11.76,Crystal
266,11.61,Crystal
267,11.46,Crystal
268,11.32,Crystal
269,11.17,Crystal
270,11.02,Crystal
271,10.87,Crystal
272,10.72,Crystal
273,10.57,Crystal
274,10.42,Crystal
275,10.27,Crystal
276,10.12,Crystal
277,9.96,Crystal
278,9.8,Crystal
279,9.64,Crystal
280,9.48,Crystal
281,9.32,Crystal
282,9.15,Crystal
283,8.98,Crystal
284,8.81,Crystal
285,8.64,Crystal
286,8.47,Crystal
287,8.29,Crystal
288,8.11,Crystal
289,7.93,Crystal
290,7.75,Crystal
291,7.56,Crystal
292,7.38,Crystal
293,7.19,Crystal
294,7,Crystal
295,6.8,Crystal
296,6.61,Crystal
297,6.41,Crystal
298,6.22,Crystal
299,6.02,Crystal
300,5.81,Crystal
301,5.61,Crystal
302,5.41,Crystal
303,5.2,Crystal
304,4.99,Crystal
305,4.78,Crystal
306,4.57,Crystal
307,4.35,Crystal
308,4.14,Crystal
309,3.92,Crystal
310,3.7,Crystal
311,3.48,Crystal
312,3.26,Crystal
313,3.03,Crystal
314,2.81,Crystal
315,2.58,Crystal
316,2.35,Crystal
317,2.12,Crystal
318,1.89,Crystal
319,1.65,Crystal
320,1.42,Crystal
321,1.18,Crystal
322,0.94,Crystal
323,0.7,Crystal
324,0.46,Crystal
325,0.22,Crystal
326,-0.02,Crystal
327,-0.27,Crystal
328,-0.52,Crystal
329,-0.77,Crystal
330,-1.02,Crystal
331,-1.27,Crystal
332,-1.53,Crystal
333,-1.78,Crystal
334,-2.04,Crystal
335,-2.3,Crystal
336,-2.56,Crystal
337,-2.82,Crystal
338,-3.09,Crystal
339,-3.36,Crystal
340,-3.62,Crystal
341,-3.89,Crystal
342,-4.16,Crystal
343,-4.44,Crystal
344,-4.71,Crystal
345,-4.99,Crystal
346,-5.27,Crystal
347,-5.55,Crystal
348,-5.83,Crystal
349,-6.11,Crystal
350,-6.4,Crystal
351,-6.69,Crystal
352,-6.98,Crystal
353,-7.27,Crystal
354,-7.56,Crystal
355,-7.85,Crystal
356,-8.15,Crystal
357,-8.45,Crystal
358,-8.75,Crystal
359,-9.05,Crystal
360,-9.36,Crystal
361,-9.66,Crystal
362,-9.97,Crystal
363,-10.28,Crystal
364,-10.59,Crystal
365,-10.9,Crystal
366,-11.22,Crystal
1,-10.72,Gilmore
2,-10.6,Gilmore
3,-10.48,Gilmore
4,-10.36,Gilmore
5,-10.24,Gilmore
6,-10.12,Gilmore
7,-10,Gilmore
8,-9.88,Gilmore
9,-9.76,Gilmore
10,-9.64,Gilmore
11,-9.52,Gilmore
12,-9.4,Gilmore
13,-9.28,Gilmore
14,-9.16,Gilmore
15,-9.03,Gilmore
16,-8.91,Gilmore
17,-8.79,Gilmore
18,-8.66,Gilmore
19,-8.54,Gilmore
20,-8.42,Gilmore
21,-8.29,Gilmore
22,-8.17,Gilmore
23,-8.04,Gilmore
24,-7.91,Gilmore
25,-7.79,Gilmore
26,-7.66,Gilmore
27,-7.53,Gilmore
28,-7.41,Gilmore
29,-7.28,Gilmore
30,-7.15,Gilmore
31,-7.02,Gilmore
32,-6.89,Gilmore
33,-6.76,Gilmore
34,-6.63,Gilmore
35,-6.49,Gilmore
36,-6.36,Gilmore
37,-6.23,Gilmore
38,-6.09,Gilmore
39,-5.96,Gilmore
40,-5.82,Gilmore
41,-5.69,Gilmore
42,-5.55,Gilmore
43,-5.41,Gilmore
44,-5.28,Gilmore
45,-5.14,Gilmore
46,-5,Gilmore
47,-4.86,Gilmore
48,-4.72,Gilmore
49,-4.57,Gilmore
50,-4.43,Gilmore
51,-4.29,Gilmore
52,-4.14,Gilmore
53,-4,Gilmore
54,-3.85,Gilmore
55,-3.7,Gilmore
56,-3.55,Gilmore
57,-3.41,Gilmore
58,-3.26,Gilmore
59,-3.11,Gilmore
60,-2.96,Gilmore
61,-2.81,Gilmore
62,-2.66,Gilmore
63,-2.51,Gilmore
64,-2.35,Gilmore
65,-2.2,Gilmore
66,-2.05,Gilmore
67,-1.9,Gilmore
68,-1.74,Gilmore
69,-1.59,Gilmore
70,-1.43,Gilmore
71,-1.28,Gilmore
72,-1.13,Gilmore
73,-0.97,Gilmore
74,-0.82,Gilmore
75,-0.66,Gilmore
76,-0.51,Gilmore
77,-0.35,Gilmore
78,-0.2,Gilmore
79,-0.05,Gilmore
80,0.11,Gilmore
81,0.26,Gilmore
82,0.42,Gilmore
83,0.57,Gilmore
84,0.72,Gilmore
85,0.88,Gilmore
86,1.03,Gilmore
87,1.18,Gilmore
88,1.34,Gilmore
89,1.49,Gilmore
90,1.64,Gilmore
91,1.79,Gilmore
92,1.94,Gilmore
93,2.09,Gilmore
94,2.25,Gilmore
95,2.41,Gilmore
96,2.57,Gilmore
97,2.74,Gilmore
98,2.9,Gilmore
99,3.07,Gilmore
100,3.25,Gilmore
101,3.42,Gilmore
102,3.6,Gilmore
103,3.78,Gilmore
104,3.96,Gilmore
105,4.15,Gilmore
106,4.33,Gilmore
107,4.52,Gilmore
108,4.7,Gilmore
109,4.89,Gilmore
110,5.08,Gilmore
111,5.27,Gilmore
112,5.46,Gilmore
113,5.65,Gilmore
114,5.85,Gilmore
115,6.04,Gilmore
116,6.23,Gilmore
117,6.42,Gilmore
118,6.61,Gilmore
119,6.8,Gilmore
120,6.99,Gilmore
121,7.18,Gilmore
122,7.37,Gilmore
123,7.55,Gilmore
124,7.74,Gilmore
125,7.92,Gilmore
126,8.1,Gilmore
127,8.28,Gilmore
128,8.46,Gilmore
129,8.64,Gilmore
130,8.81,Gilmore
131,8.98,Gilmore
132,9.15,Gilmore
133,9.31,Gilmore
134,9.47,Gilmore
135,9.63,Gilmore
136,9.79,Gilmore
137,9.94,Gilmore
138,10.09,Gilmore
139,10.24,Gilmore
140,10.39,Gilmore
141,10.54,Gilmore
142,10.7,Gilmore
143,10.85,Gilmore
144,11.01,Gilmore
145,11.17,Gilmore
146,11.34,Gilmore
147,11.5,Gilmore
148,11.66,Gilmore
149,11.83,Gilmore
150,11.99,Gilmore
151,12.16,Gilmore
152,12.33,Gilmore
153,12.49,Gilmore
154,12.66,Gilmore
155,12.82,Gilmore
156,12.99,Gilmore
157,13.15,Gilmore
158,13.31,Gilmore
159,13.47,Gilmore
160,13.63,Gilmore
161,13.79,Gilmore
162,13.94,Gilmore
163,14.1,Gilmore
164,14.25,Gilmore
165,14.4,Gilmore
166,14.54,Gilmore
167,14.68,Gilmore
168,14.82,Gilmore
169,14.96,Gilmore
170,15.09,Gilmore
171,15.22,Gilmore
172,15.34,Gilmore
173,15.46,Gilmore
174,15.58,Gilmore
175,15.69,Gilmore
176,15.79,Gilmore
177,15.89,Gilmore
178,15.99,Gilmore
179,16.08,Gilmore
180,16.16,Gilmore
181,16.24,Gilmore
182,16.31,Gilmore
183,16.37,Gilmore
184,16.43,Gilmore
185,16.49,Gilmore
186,16.54,Gilmore
187,16.6,Gilmore
188,16.65,Gilmore
189,16.69,Gilmore
190,16.74,Gilmore
191,16.78,Gilmore
192,16.82,Gilmore
193,16.86,Gilmore
194,16.89,Gilmore
195,16.93,Gilmore
196,16.96,Gilmore
197,16.98,Gilmore
198,17.01,Gilmore
199,17.03,Gilmore
200,17.05,Gilmore
201,17.07,Gilmore
202,17.08,Gilmore
203,17.09,Gilmore
204,17.1,Gilmore
205,17.11,Gilmore
206,17.11,Gilmore
207,17.11,Gilmore
208,17.11,Gilmore
209,17.11,Gilmore
210,17.1,Gilmore
211,17.09,Gilmore
212,17.08,Gilmore
213,17.06,Gilmore
214,17.05,Gilmore
215,17.03,Gilmore
216,17,Gilmore
217,16.98,Gilmore
218,16.95,Gilmore
219,16.92,Gilmore
220,16.89,Gilmore
221,16.85,Gilmore
222,16.81,Gilmore
223,16.77,Gilmore
224,16.73,Gilmore
225,16.68,Gilmore
226,16.63,Gilmore
227,16.58,Gilmore
228,16.52,Gilmore
229,16.46,Gilmore
230,16.4,Gilmore
231,16.34,Gilmore
232,16.27,Gilmore
233,16.19,Gilmore
234,16.12,Gilmore
235,16.04,Gilmore
236,15.95,Gilmore
237,15.86,Gilmore
238,15.77,Gilmore
239,15.68,Gilmore
240,15.58,Gilmore
241,15.48,Gilmore
242,15.37,Gilmore
243,15.27,Gilmore
244,15.16,Gilmore
245,15.04,Gilmore
246,14.93,Gilmore
247,14.81,Gilmore
248,14.69,Gilmore
249,14.57,Gilmore
250,14.44,Gilmore
251,14.31,Gilmore
252,14.19,Gilmore
253,14.05,Gilmore
254,13.92,Gilmore
255,13.79,Gilmore
256,13.65,Gilmore
257,13.51,Gilmore
258,13.37,Gilmore
259,13.23,Gilmore
260,13.09,Gilmore
261,12.94,Gilmore
262,12.8,Gilmore
263,12.65,Gilmore
264,12.51,Gilmore
265,12.36,Gilmore
266,12.21,Gilmore
267,12.06,Gilmore
268,11.91,Gilmore
269,11.76,Gilmore
270,11.61,Gilmore
271,11.46,Gilmore
272,11.31,Gilmore
273,11.16,Gilmore
274,11.01,Gilmore
275,10.86,Gilmore
276,10.7,Gilmore
277,10.55,Gilmore
278,10.39,Gilmore
279,10.23,Gilmore
280,10.06,Gilmore
281,9.9,Gilmore
282,9.73,Gilmore
283,9.56,Gilmore
284,9.39,Gilmore
285,9.22,Gilmore
286,9.04,Gilmore
287,8.87,Gilmore
288,8.69,Gilmore
289,8.51,Gilmore
290,8.32,Gilmore
291,8.14,Gilmore
292,7.95,Gilmore
293,7.76,Gilmore
294,7.57,Gilmore
295,7.38,Gilmore
296,7.18,Gilmore
297,6.99,Gilmore
298,6.79,Gilmore
299,6.59,Gilmore
300,6.38,Gilmore
301,6.18,Gilmore
302,5.97,Gilmore
303,5.77,Gilmore
304,5.56,Gilmore
305,5.35,Gilmore
306,5.13,Gilmore
307,4.92,Gilmore
308,4.7,Gilmore
309,4.49,Gilmore
310,4.27,Gilmore
311,4.05,Gilmore
312,3.82,Gilmore
313,3.6,Gilmore
314,3.37,Gilmore
315,3.15,Gilmore
316,2.92,Gilmore
317,2.69,Gilmore
318,2.45,Gilmore
319,2.22,Gilmore
320,1.99,Gilmore
321,1.75,Gilmore
322,1.51,Gilmore
323,1.27,Gilmore
324,1.03,Gilmore
325,0.79,Gilmore
326,0.54,Gilmore
327,0.3,Gilmore
328,0.05,Gilmore
329,-0.2,Gilmore
330,-0.45,Gilmore
331,-0.7,Gilmore
332,-0.95,Gilmore
333,-1.21,Gilmore
334,-1.47,Gilmore
335,-1.73,Gilmore
336,-1.99,Gilmore
337,-2.25,Gilmore
338,-2.51,Gilmore
339,-2.78,Gilmore
340,-3.04,Gilmore
341,-3.31,Gilmore
342,-3.58,Gilmore
343,-3.86,Gilmore
344,-4.13,Gilmore
345,-4.4,Gilmore
346,-4.68,Gilmore
347,-4.96,Gilmore
348,-5.24,Gilmore
349,-5.52,Gilmore
350,-5.81,Gilmore
351,-6.09,Gilmore
352,-6.38,Gilmore
353,-6.67,Gilmore
354,-6.96,Gilmore
355,-7.26,Gilmore
356,-7.55,Gilmore
357,-7.85,Gilmore
358,-8.15,Gilmore
359,-8.45,Gilmore
360,-8.75,Gilmore
361,-9.05,Gilmore
362,-9.36,Gilmore
363,-9.67,Gilmore
364,-9.98,Gilmore
365,-10.29,Gilmore
366,-10.6,Gilmore
1,-9.54,Gorge
2,-9.41,Gorge
3,-9.29,Gorge
4,-9.17,Gorge
5,-9.05,Gorge
6,-8.92,Gorge
7,-8.8,Gorge
8,-8.68,Gorge
9,-8.56,Gorge
10,-8.43,Gorge
11,-8.31,Gorge
12,-8.18,Gorge
13,-8.06,Gorge
14,-7.93,Gorge
15,-7.81,Gorge
16,-7.68,Gorge
17,-7.56,Gorge
18,-7.43,Gorge
19,-7.31,Gorge
20,-7.18,Gorge
21,-7.05,Gorge
22,-6.92,Gorge
23,-6.8,Gorge
24,-6.67,Gorge
25,-6.54,Gorge
26,-6.41,Gorge
27,-6.28,Gorge
28,-6.15,Gorge
29,-6.02,Gorge
30,-5.88,Gorge
31,-5.75,Gorge
32,-5.62,Gorge
33,-5.48,Gorge
34,-5.35,Gorge
35,-5.22,Gorge
36,-5.08,Gorge
37,-4.94,Gorge
38,-4.81,Gorge
39,-4.67,Gorge
40,-4.53,Gorge
41,-4.39,Gorge
42,-4.26,Gorge
43,-4.12,Gorge
44,-3.97,Gorge
45,-3.83,Gorge
46,-3.69,Gorge
47,-3.55,Gorge
48,-3.4,Gorge
49,-3.26,Gorge
50,-3.11,Gorge
51,-2.97,Gorge
52,-2.82,Gorge
53,-2.67,Gorge
54,-2.52,Gorge
55,-2.37,Gorge
56,-2.22,Gorge
57,-2.07,Gorge
58,-1.92,Gorge
59,-1.77,Gorge
60,-1.61,Gorge
61,-1.46,Gorge
62,-1.31,Gorge
63,-1.15,Gorge
64,-1,Gorge
65,-0.84,Gorge
66,-0.69,Gorge
67,-0.53,Gorge
68,-0.38,Gorge
69,-0.22,Gorge
70,-0.06,Gorge
71,0.09,Gorge
72,0.25,Gorge
73,0.41,Gorge
74,0.56,Gorge
75,0.72,Gorge
76,0.88,Gorge
77,1.03,Gorge
78,1.19,Gorge
79,1.35,Gorge
80,1.51,Gorge
81,1.66,Gorge
82,1.82,Gorge
83,1.98,Gorge
84,2.13,Gorge
85,2.29,Gorge
86,2.44,Gorge
87,2.6,Gorge
88,2.75,Gorge
89,2.91,Gorge
90,3.06,Gorge
91,3.22,Gorge
92,3.37,Gorge
93,3.52,Gorge
94,3.68,Gorge
95,3.85,Gorge
96,4.01,Gorge
97,4.18,Gorge
98,4.35,Gorge
99,4.52,Gorge
100,4.7,Gorge
101,4.88,Gorge
102,5.06,Gorge
103,5.24,Gorge
104,5.42,Gorge
105,5.61,Gorge
106,5.8,Gorge
107,5.99,Gorge
108,6.18,Gorge
109,6.37,Gorge
110,6.56,Gorge
111,6.75,Gorge
112,6.95,Gorge
113,7.14,Gorge
114,7.34,Gorge
115,7.53,Gorge
116,7.72,Gorge
117,7.92,Gorge
118,8.11,Gorge
119,8.31,Gorge
120,8.5,Gorge
121,8.69,Gorge
122,8.88,Gorge
123,9.07,Gorge
124,9.26,Gorge
125,9.44,Gorge
126,9.63,Gorge
127,9.81,Gorge
128,9.99,Gorge
129,10.17,Gorge
130,10.34,Gorge
131,10.52,Gorge
132,10.69,Gorge
133,10.85,Gorge
134,11.02,Gorge
135,11.18,Gorge
136,11.34,Gorge
137,11.49,Gorge
138,11.64,Gorge
139,11.79,Gorge
140,11.95,Gorge
141,12.1,Gorge
142,12.26,Gorge
143,12.42,Gorge
144,12.58,Gorge
145,12.75,Gorge
146,12.91,Gorge
147,13.08,Gorge
148,13.25,Gorge
149,13.41,Gorge
150,13.58,Gorge
151,13.75,Gorge
152,13.92,Gorge
153,14.09,Gorge
154,14.26,Gorge
155,14.43,Gorge
156,14.6,Gorge
157,14.76,Gorge
158,14.93,Gorge
159,15.09,Gorge
160,15.26,Gorge
161,15.42,Gorge
162,15.58,Gorge
163,15.73,Gorge
164,15.89,Gorge
165,16.04,Gorge
166,16.19,Gorge
167,16.33,Gorge
168,16.48,Gorge
169,16.61,Gorge
170,16.75,Gorge
171,16.88,Gorge
172,17.01,Gorge
173,17.13,Gorge
174,17.24,Gorge
175,17.36,Gorge
176,17.46,Gorge
177,17.57,Gorge
178,17.66,Gorge
179,17.75,Gorge
180,17.84,Gorge
181,17.91,Gorge
182,17.99,Gorge
183,18.05,Gorge
184,18.11,Gorge
185,18.17,Gorge
186,18.22,Gorge
187,18.28,Gorge
188,18.33,Gorge
189,18.37,Gorge
190,18.42,Gorge
191,18.46,Gorge
192,18.5,Gorge
193,18.53,Gorge
194,18.57,Gorge
195,18.6,Gorge
196,18.63,Gorge
197,18.66,Gorge
198,18.68,Gorge
199,18.7,Gorge
200,18.72,Gorge
201,18.73,Gorge
202,18.75,Gorge
203,18.76,Gorge
204,18.76,Gorge
205,18.77,Gorge
206,18.77,Gorge
207,18.77,Gorge
208,18.77,Gorge
209,18.76,Gorge
210,18.75,Gorge
211,18.74,Gorge
212,18.73,Gorge
213,18.71,Gorge
214,18.69,Gorge
215,18.67,Gorge
216,18.64,Gorge
217,18.62,Gorge
218,18.59,Gorge
219,18.55,Gorge
220,18.52,Gorge
221,18.48,Gorge
222,18.44,Gorge
223,18.39,Gorge
224,18.35,Gorge
225,18.3,Gorge
226,18.24,Gorge
227,18.19,Gorge
228,18.13,Gorge
229,18.07,Gorge
230,18.01,Gorge
231,17.94,Gorge
232,17.86,Gorge
233,17.79,Gorge
234,17.71,Gorge
235,17.62,Gorge
236,17.53,Gorge
237,17.44,Gorge
238,17.34,Gorge
239,17.25,Gorge
240,17.14,Gorge
241,17.04,Gorge
242,16.93,Gorge
243,16.82,Gorge
244,16.7,Gorge
245,16.58,Gorge
246,16.46,Gorge
247,16.34,Gorge
248,16.21,Gorge
249,16.09,Gorge
250,15.96,Gorge
251,15.82,Gorge
252,15.69,Gorge
253,15.55,Gorge
254,15.41,Gorge
255,15.27,Gorge
256,15.13,Gorge
257,14.99,Gorge
258,14.84,Gorge
259,14.7,Gorge
260,14.55,Gorge
261,14.4,Gorge
262,14.25,Gorge
263,14.1,Gorge
264,13.95,Gorge
265,13.8,Gorge
266,13.64,Gorge
267,13.49,Gorge
268,13.34,Gorge
269,13.18,Gorge
270,13.03,Gorge
271,12.88,Gorge
272,12.72,Gorge
273,12.57,Gorge
274,12.41,Gorge
275,12.26,Gorge
276,12.1,Gorge
277,11.94,Gorge
278,11.78,Gorge
279,11.62,Gorge
280,11.45,Gorge
281,11.28,Gorge
282,11.11,Gorge
283,10.94,Gorge
284,10.77,Gorge
285,10.59,Gorge
286,10.41,Gorge
287,10.23,Gorge
288,10.05,Gorge
289,9.86,Gorge
290,9.68,Gorge
291,9.49,Gorge
292,9.3,Gorge
293,9.11,Gorge
294,8.91,Gorge
295,8.72,Gorge
296,8.52,Gorge
297,8.32,Gorge
298,8.12,Gorge
299,7.91,Gorge
300,7.71,Gorge
301,7.5,Gorge
302,7.29,Gorge
303,7.08,Gorge
304,6.87,Gorge
305,6.66,Gorge
306,6.44,Gorge
307,6.22,Gorge
308,6,Gorge
309,5.78,Gorge
310,5.56,Gorge
311,5.34,Gorge
312,5.11,Gorge
313,4.88,Gorge
314,4.66,Gorge
315,4.43,Gorge
316,4.19,Gorge
317,3.96,Gorge
318,3.73,Gorge
319,3.49,Gorge
320,3.25,Gorge
321,3.02,Gorge
322,2.77,Gorge
323,2.53,Gorge
324,2.29,Gorge
325,2.05,Gorge
326,1.8,Gorge
327,1.55,Gorge
328,1.3,Gorge
329,1.05,Gorge
330,0.8,Gorge
331,0.54,Gorge
332,0.29,Gorge
333,0.03,Gorge
334,-0.23,Gorge
335,-0.49,Gorge
336,-0.75,Gorge
337,-1.01,Gorge
338,-1.28,Gorge
339,-1.55,Gorge
340,-1.81,Gorge
341,-2.09,Gorge
342,-2.36,Gorge
343,-2.63,Gorge
344,-2.91,Gorge
345,-3.18,Gorge
346,-3.46,Gorge
347,-3.74,Gorge
348,-4.02,Gorge
349,-4.31,Gorge
350,-4.59,Gorge
351,-4.88,Gorge
352,-5.17,Gorge
353,-5.46,Gorge
354,-5.75,Gorge
355,-6.05,Gorge
356,-6.34,Gorge
357,-6.64,Gorge
358,-6.94,Gorge
359,-7.24,Gorge
360,-7.55,Gorge
361,-7.85,Gorge
362,-8.16,Gorge
363,-8.47,Gorge
364,-8.78,Gorge
365,-9.09,Gorge
366,-9.41,Gorge
1,-10.5,SPIN
2,-10.38,SPIN
3,-10.26,SPIN
4,-10.14,SPIN
5,-10.02,SPIN
6,-9.9,SPIN
7,-9.78,SPIN
8,-9.66,SPIN
9,-9.54,SPIN
10,-9.42,SPIN
11,-9.29,SPIN
12,-9.17,SPIN
13,-9.05,SPIN
14,-8.93,SPIN
15,-8.81,SPIN
16,-8.68,SPIN
17,-8.56,SPIN
18,-8.43,SPIN
19,-8.31,SPIN
20,-8.19,SPIN
21,-8.06,SPIN
22,-7.94,SPIN
23,-7.81,SPIN
24,-7.68,SPIN
25,-7.56,SPIN
26,-7.43,SPIN
27,-7.3,SPIN
28,-7.17,SPIN
29,-7.04,SPIN
30,-6.91,SPIN
31,-6.78,SPIN
32,-6.65,SPIN
33,-6.52,SPIN
34,-6.39,SPIN
35,-6.26,SPIN
36,-6.12,SPIN
37,-5.99,SPIN
38,-5.86,SPIN
39,-5.72,SPIN
40,-5.59,SPIN
41,-5.45,SPIN
42,-5.31,SPIN
43,-5.17,SPIN
44,-5.04,SPIN
45,-4.9,SPIN
46,-4.76,SPIN
47,-4.62,SPIN
48,-4.47,SPIN
49,-4.33,SPIN
50,-4.19,SPIN
51,-4.04,SPIN
52,-3.9,SPIN
53,-3.75,SPIN
54,-3.61,SPIN
55,-3.46,SPIN
56,-3.31,SPIN
57,-3.16,SPIN
58,-3.01,SPIN
59,-2.86,SPIN
60,-2.71,SPIN
61,-2.56,SPIN
62,-2.41,SPIN
63,-2.26,SPIN
64,-2.1,SPIN
65,-1.95,SPIN
66,-1.8,SPIN
67,-1.65,SPIN
68,-1.49,SPIN
69,-1.34,SPIN
70,-1.18,SPIN
71,-1.03,SPIN
72,-0.87,SPIN
73,-0.72,SPIN
74,-0.57,SPIN
75,-0.41,SPIN
76,-0.26,SPIN
77,-0.1,SPIN
78,0.05,SPIN
79,0.21,SPIN
80,0.36,SPIN
81,0.52,SPIN
82,0.67,SPIN
83,0.83,SPIN
84,0.98,SPIN
85,1.13,SPIN
86,1.29,SPIN
87,1.44,SPIN
88,1.59,SPIN
89,1.75,SPIN
90,1.9,SPIN
91,2.05,SPIN
92,2.2,SPIN
93,2.35,SPIN
94,2.51,SPIN
95,2.67,SPIN
96,2.83,SPIN
97,3,SPIN
98,3.17,SPIN
99,3.34,SPIN
100,3.51,SPIN
101,3.69,SPIN
102,3.87,SPIN
103,4.05,SPIN
104,4.23,SPIN
105,4.41,SPIN
106,4.6,SPIN
107,4.78,SPIN
108,4.97,SPIN
109,5.16,SPIN
110,5.35,SPIN
111,5.54,SPIN
112,5.73,SPIN
113,5.93,SPIN
114,6.12,SPIN
115,6.31,SPIN
116,6.5,SPIN
117,6.69,SPIN
118,6.88,SPIN
119,7.07,SPIN
120,7.26,SPIN
121,7.45,SPIN
122,7.64,SPIN
123,7.83,SPIN
124,8.01,SPIN
125,8.2,SPIN
126,8.38,SPIN
127,8.56,SPIN
128,8.74,SPIN
129,8.91,SPIN
130,9.09,SPIN
131,9.26,SPIN
132,9.43,SPIN
133,9.59,SPIN
134,9.75,SPIN
135,9.91,SPIN
136,10.07,SPIN
137,10.22,SPIN
138,10.37,SPIN
139,10.52,SPIN
140,10.67,SPIN
141,10.82,SPIN
142,10.98,SPIN
143,11.14,SPIN
144,11.3,SPIN
145,11.46,SPIN
146,11.62,SPIN
147,11.78,SPIN
148,11.95,SPIN
149,12.11,SPIN
150,12.28,SPIN
151,12.45,SPIN
152,12.61,SPIN
153,12.78,SPIN
154,12.95,SPIN
155,13.11,SPIN
156,13.28,SPIN
157,13.44,SPIN
158,13.6,SPIN
159,13.76,SPIN
160,13.92,SPIN
161,14.08,SPIN
162,14.24,SPIN
163,14.39,SPIN
164,14.54,SPIN
165,14.69,SPIN
166,14.84,SPIN
167,14.98,SPIN
168,15.12,SPIN
169,15.26,SPIN
170,15.39,SPIN
171,15.52,SPIN
172,15.64,SPIN
173,15.76,SPIN
174,15.88,SPIN
175,15.99,SPIN
176,16.09,SPIN
177,16.19,SPIN
178,16.29,SPIN
179,16.38,SPIN
180,16.46,SPIN
181,16.54,SPIN
182,16.61,SPIN
183,16.67,SPIN
184,16.73,SPIN
185,16.79,SPIN
186,16.84,SPIN
187,16.9,SPIN
188,16.95,SPIN
189,16.99,SPIN
190,17.04,SPIN
191,17.08,SPIN
192,17.12,SPIN
193,17.16,SPIN
194,17.19,SPIN
195,17.22,SPIN
196,17.25,SPIN
197,17.28,SPIN
198,17.3,SPIN
199,17.33,SPIN
200,17.34,SPIN
201,17.36,SPIN
202,17.38,SPIN
203,17.39,SPIN
204,17.39,SPIN
205,17.4,SPIN
206,17.4,SPIN
207,17.4,SPIN
208,17.4,SPIN
209,17.4,SPIN
210,17.39,SPIN
211,17.38,SPIN
212,17.37,SPIN
213,17.35,SPIN
214,17.34,SPIN
215,17.31,SPIN
216,17.29,SPIN
217,17.27,SPIN
218,17.24,SPIN
219,17.21,SPIN
220,17.17,SPIN
221,17.13,SPIN
222,17.09,SPIN
223,17.05,SPIN
224,17.01,SPIN
225,16.96,SPIN
226,16.91,SPIN
227,16.86,SPIN
228,16.8,SPIN
229,16.74,SPIN
230,16.68,SPIN
231,16.61,SPIN
232,16.54,SPIN
233,16.47,SPIN
234,16.39,SPIN
235,16.31,SPIN
236,16.22,SPIN
237,16.14,SPIN
238,16.04,SPIN
239,15.95,SPIN
240,15.85,SPIN
241,15.75,SPIN
242,15.64,SPIN
243,15.53,SPIN
244,15.42,SPIN
245,15.31,SPIN
246,15.19,SPIN
247,15.07,SPIN
248,14.95,SPIN
249,14.83,SPIN
250,14.7,SPIN
251,14.57,SPIN
252,14.44,SPIN
253,14.31,SPIN
254,14.18,SPIN
255,14.04,SPIN
256,13.9,SPIN
257,13.76,SPIN
258,13.62,SPIN
259,13.48,SPIN
260,13.34,SPIN
261,13.19,SPIN
262,13.05,SPIN
263,12.9,SPIN
264,12.75,SPIN
265,12.6,SPIN
266,12.46,SPIN
267,12.31,SPIN
268,12.16,SPIN
269,12,SPIN
270,11.85,SPIN
271,11.7,SPIN
272,11.55,SPIN
273,11.4,SPIN
274,11.25,SPIN
275,11.1,SPIN
276,10.94,SPIN
277,10.78,SPIN
278,10.63,SPIN
279,10.46,SPIN
280,10.3,SPIN
281,10.14,SPIN
282,9.97,SPIN
283,9.8,SPIN
284,9.63,SPIN
285,9.45,SPIN
286,9.28,SPIN
287,9.1,SPIN
288,8.92,SPIN
289,8.74,SPIN
290,8.55,SPIN
291,8.37,SPIN
292,8.18,SPIN
293,7.99,SPIN
294,7.8,SPIN
295,7.6,SPIN
296,7.41,SPIN
297,7.21,SPIN
298,7.01,SPIN
299,6.81,SPIN
300,6.61,SPIN
301,6.4,SPIN
302,6.2,SPIN
303,5.99,SPIN
304,5.78,SPIN
305,5.57,SPIN
306,5.36,SPIN
307,5.14,SPIN
308,4.92,SPIN
309,4.71,SPIN
310,4.49,SPIN
311,4.26,SPIN
312,4.04,SPIN
313,3.82,SPIN
314,3.59,SPIN
315,3.36,SPIN
316,3.13,SPIN
317,2.9,SPIN
318,2.67,SPIN
319,2.44,SPIN
320,2.2,SPIN
321,1.96,SPIN
322,1.73,SPIN
323,1.49,SPIN
324,1.25,SPIN
325,1,SPIN
326,0.76,SPIN
327,0.51,SPIN
328,0.26,SPIN
329,0.02,SPIN
330,-0.24,SPIN
331,-0.49,SPIN
332,-0.74,SPIN
333,-1,SPIN
334,-1.26,SPIN
335,-1.51,SPIN
336,-1.77,SPIN
337,-2.04,SPIN
338,-2.3,SPIN
339,-2.57,SPIN
340,-2.83,SPIN
341,-3.1,SPIN
342,-3.37,SPIN
343,-3.65,SPIN
344,-3.92,SPIN
345,-4.19,SPIN
346,-4.47,SPIN
347,-4.75,SPIN
348,-5.03,SPIN
349,-5.32,SPIN
350,-5.6,SPIN
351,-5.89,SPIN
352,-6.17,SPIN
353,-6.46,SPIN
354,-6.75,SPIN
355,-7.05,SPIN
356,-7.34,SPIN
357,-7.64,SPIN
358,-7.94,SPIN
359,-8.24,SPIN
360,-8.54,SPIN
361,-8.85,SPIN
362,-9.15,SPIN
363,-9.46,SPIN
364,-9.77,SPIN
365,-10.08,SPIN
366,-10.39,SPIN
1,-10.04,BRF
2,-9.92,BRF
3,-9.8,BRF
4,-9.68,BRF
5,-9.56,BRF
6,-9.44,BRF
7,-9.32,BRF
8,-9.2,BRF
9,-9.07,BRF
10,-8.95,BRF
11,-8.83,BRF
12,-8.71,BRF
13,-8.58,BRF
14,-8.46,BRF
15,-8.34,BRF
16,-8.21,BRF
17,-8.09,BRF
18,-7.96,BRF
19,-7.84,BRF
20,-7.71,BRF
21,-7.58,BRF
22,-7.46,BRF
23,-7.33,BRF
24,-7.2,BRF
25,-7.07,BRF
26,-6.95,BRF
27,-6.82,BRF
28,-6.69,BRF
29,-6.56,BRF
30,-6.43,BRF
31,-6.3,BRF
32,-6.16,BRF
33,-6.03,BRF
34,-5.9,BRF
35,-5.76,BRF
36,-5.63,BRF
37,-5.49,BRF
38,-5.36,BRF
39,-5.22,BRF
40,-5.09,BRF
41,-4.95,BRF
42,-4.81,BRF
43,-4.67,BRF
44,-4.53,BRF
45,-4.39,BRF
46,-4.25,BRF
47,-4.11,BRF
48,-3.96,BRF
49,-3.82,BRF
50,-3.68,BRF
51,-3.53,BRF
52,-3.38,BRF
53,-3.24,BRF
54,-3.09,BRF
55,-2.94,BRF
56,-2.79,BRF
57,-2.64,BRF
58,-2.49,BRF
59,-2.34,BRF
60,-2.19,BRF
61,-2.03,BRF
62,-1.88,BRF
63,-1.73,BRF
64,-1.57,BRF
65,-1.42,BRF
66,-1.26,BRF
67,-1.11,BRF
68,-0.95,BRF
69,-0.8,BRF
70,-0.64,BRF
71,-0.49,BRF
72,-0.33,BRF
73,-0.17,BRF
74,-0.02,BRF
75,0.14,BRF
76,0.29,BRF
77,0.45,BRF
78,0.61,BRF
79,0.76,BRF
80,0.92,BRF
81,1.08,BRF
82,1.23,BRF
83,1.39,BRF
84,1.54,BRF
85,1.7,BRF
86,1.85,BRF
87,2.01,BRF
88,2.16,BRF
89,2.32,BRF
90,2.47,BRF
91,2.62,BRF
92,2.78,BRF
93,2.93,BRF
94,3.09,BRF
95,3.25,BRF
96,3.41,BRF
97,3.58,BRF
98,3.75,BRF
99,3.93,BRF
100,4.1,BRF
101,4.28,BRF
102,4.46,BRF
103,4.64,BRF
104,4.83,BRF
105,5.01,BRF
106,5.2,BRF
107,5.39,BRF
108,5.58,BRF
109,5.77,BRF
110,5.96,BRF
111,6.15,BRF
112,6.35,BRF
113,6.54,BRF
114,6.73,BRF
115,6.93,BRF
116,7.12,BRF
117,7.32,BRF
118,7.51,BRF
119,7.7,BRF
120,7.89,BRF
121,8.09,BRF
122,8.28,BRF
123,8.46,BRF
124,8.65,BRF
125,8.84,BRF
126,9.02,BRF
127,9.2,BRF
128,9.38,BRF
129,9.56,BRF
130,9.74,BRF
131,9.91,BRF
132,10.08,BRF
133,10.25,BRF
134,10.41,BRF
135,10.57,BRF
136,10.73,BRF
137,10.88,BRF
138,11.04,BRF
139,11.19,BRF
140,11.34,BRF
141,11.49,BRF
142,11.65,BRF
143,11.81,BRF
144,11.97,BRF
145,12.14,BRF
146,12.3,BRF
147,12.47,BRF
148,12.63,BRF
149,12.8,BRF
150,12.97,BRF
151,13.14,BRF
152,13.31,BRF
153,13.48,BRF
154,13.64,BRF
155,13.81,BRF
156,13.98,BRF
157,14.15,BRF
158,14.31,BRF
159,14.47,BRF
160,14.64,BRF
161,14.8,BRF
162,14.96,BRF
163,15.11,BRF
164,15.27,BRF
165,15.42,BRF
166,15.56,BRF
167,15.71,BRF
168,15.85,BRF
169,15.99,BRF
170,16.12,BRF
171,16.25,BRF
172,16.38,BRF
173,16.5,BRF
174,16.62,BRF
175,16.73,BRF
176,16.84,BRF
177,16.94,BRF
178,17.03,BRF
179,17.12,BRF
180,17.21,BRF
181,17.29,BRF
182,17.36,BRF
183,17.42,BRF
184,17.48,BRF
185,17.54,BRF
186,17.6,BRF
187,17.65,BRF
188,17.7,BRF
189,17.75,BRF
190,17.79,BRF
191,17.83,BRF
192,17.87,BRF
193,17.91,BRF
194,17.95,BRF
195,17.98,BRF
196,18.01,BRF
197,18.03,BRF
198,18.06,BRF
199,18.08,BRF
200,18.1,BRF
201,18.12,BRF
202,18.13,BRF
203,18.14,BRF
204,18.15,BRF
205,18.15,BRF
206,18.16,BRF
207,18.16,BRF
208,18.15,BRF
209,18.15,BRF
210,18.14,BRF
211,18.13,BRF
212,18.12,BRF
213,18.1,BRF
214,18.08,BRF
215,18.06,BRF
216,18.04,BRF
217,18.01,BRF
218,17.98,BRF
219,17.95,BRF
220,17.92,BRF
221,17.88,BRF
222,17.84,BRF
223,17.8,BRF
224,17.75,BRF
225,17.7,BRF
226,17.65,BRF
227,17.6,BRF
228,17.54,BRF
229,17.48,BRF
230,17.42,BRF
231,17.35,BRF
232,17.28,BRF
233,17.2,BRF
234,17.13,BRF
235,17.04,BRF
236,16.96,BRF
237,16.86,BRF
238,16.77,BRF
239,16.67,BRF
240,16.57,BRF
241,16.47,BRF
242,16.36,BRF
243,16.25,BRF
244,16.14,BRF
245,16.02,BRF
246,15.91,BRF
247,15.78,BRF
248,15.66,BRF
249,15.54,BRF
250,15.41,BRF
251,15.28,BRF
252,15.15,BRF
253,15.01,BRF
254,14.87,BRF
255,14.74,BRF
256,14.6,BRF
257,14.46,BRF
258,14.31,BRF
259,14.17,BRF
260,14.02,BRF
261,13.88,BRF
262,13.73,BRF
263,13.58,BRF
264,13.43,BRF
265,13.28,BRF
266,13.13,BRF
267,12.98,BRF
268,12.83,BRF
269,12.67,BRF
270,12.52,BRF
271,12.37,BRF
272,12.22,BRF
273,12.06,BRF
274,11.91,BRF
275,11.76,BRF
276,11.6,BRF
277,11.44,BRF
278,11.28,BRF
279,11.12,BRF
280,10.96,BRF
281,10.79,BRF
282,10.62,BRF
283,10.45,BRF
284,10.28,BRF
285,10.1,BRF
286,9.92,BRF
287,9.75,BRF
288,9.56,BRF
289,9.38,BRF
290,9.2,BRF
291,9.01,BRF
292,8.82,BRF
293,8.63,BRF
294,8.43,BRF
295,8.24,BRF
296,8.04,BRF
297,7.84,BRF
298,7.64,BRF
299,7.44,BRF
300,7.24,BRF
301,7.03,BRF
302,6.82,BRF
303,6.61,BRF
304,6.4,BRF
305,6.19,BRF
306,5.98,BRF
307,5.76,BRF
308,5.54,BRF
309,5.32,BRF
310,5.1,BRF
311,4.88,BRF
312,4.65,BRF
313,4.43,BRF
314,4.2,BRF
315,3.97,BRF
316,3.74,BRF
317,3.51,BRF
318,3.28,BRF
319,3.04,BRF
320,2.8,BRF
321,2.57,BRF
322,2.33,BRF
323,2.09,BRF
324,1.84,BRF
325,1.6,BRF
326,1.35,BRF
327,1.11,BRF
328,0.86,BRF
329,0.61,BRF
330,0.36,BRF
331,0.1,BRF
332,-0.15,BRF
333,-0.41,BRF
334,-0.67,BRF
335,-0.93,BRF
336,-1.19,BRF
337,-1.45,BRF
338,-1.72,BRF
339,-1.98,BRF
340,-2.25,BRF
341,-2.52,BRF
342,-2.79,BRF
343,-3.07,BRF
344,-3.34,BRF
345,-3.62,BRF
346,-3.9,BRF
347,-4.18,BRF
348,-4.46,BRF
349,-4.74,BRF
350,-5.03,BRF
351,-5.32,BRF
352,-5.6,BRF
353,-5.89,BRF
354,-6.19,BRF
355,-6.48,BRF
356,-6.78,BRF
357,-7.07,BRF
358,-7.37,BRF
359,-7.68,BRF
360,-7.98,BRF
361,-8.28,BRF
362,-8.59,BRF
363,-8.9,BRF
364,-9.21,BRF
365,-9.52,BRF
366,-9.84,BRF
1,-8.98,UpperChipman
2,-8.86,UpperChipman
3,-8.73,UpperChipman
4,-8.61,UpperChipman
5,-8.49,UpperChipman
6,-8.36,UpperChipman
7,-8.24,UpperChipman
8,-8.11,UpperChipman
9,-7.99,UpperChipman
10,-7.86,UpperChipman
11,-7.74,UpperChipman
12,-7.61,UpperChipman
13,-7.48,UpperChipman
14,-7.36,UpperChipman
15,-7.23,UpperChipman
16,-7.1,UpperChipman
17,-6.97,UpperChipman
18,-6.85,UpperChipman
19,-6.72,UpperChipman
20,-6.59,UpperChipman
21,-6.46,UpperChipman
22,-6.33,UpperChipman
23,-6.2,UpperChipman
24,-6.07,UpperChipman
25,-5.94,UpperChipman
26,-5.8,UpperChipman
27,-5.67,UpperChipman
28,-5.54,UpperChipman
29,-5.41,UpperChipman
30,-5.27,UpperChipman
31,-5.14,UpperChipman
32,-5,UpperChipman
33,-4.87,UpperChipman
34,-4.73,UpperChipman
35,-4.59,UpperChipman
36,-4.46,UpperChipman
37,-4.32,UpperChipman
38,-4.18,UpperChipman
39,-4.04,UpperChipman
40,-3.9,UpperChipman
41,-3.76,UpperChipman
42,-3.62,UpperChipman
43,-3.47,UpperChipman
44,-3.33,UpperChipman
45,-3.19,UpperChipman
46,-3.04,UpperChipman
47,-2.9,UpperChipman
48,-2.75,UpperChipman
49,-2.6,UpperChipman
50,-2.46,UpperChipman
51,-2.31,UpperChipman
52,-2.16,UpperChipman
53,-2.01,UpperChipman
54,-1.85,UpperChipman
55,-1.7,UpperChipman
56,-1.55,UpperChipman
57,-1.4,UpperChipman
58,-1.24,UpperChipman
59,-1.09,UpperChipman
60,-0.93,UpperChipman
61,-0.78,UpperChipman
62,-0.62,UpperChipman
63,-0.46,UpperChipman
64,-0.3,UpperChipman
65,-0.15,UpperChipman
66,0.01,UpperChipman
67,0.17,UpperChipman
68,0.33,UpperChipman
69,0.49,UpperChipman
70,0.65,UpperChipman
71,0.81,UpperChipman
72,0.97,UpperChipman
73,1.13,UpperChipman
74,1.29,UpperChipman
75,1.45,UpperChipman
76,1.61,UpperChipman
77,1.77,UpperChipman
78,1.93,UpperChipman
79,2.09,UpperChipman
80,2.25,UpperChipman
81,2.41,UpperChipman
82,2.56,UpperChipman
83,2.72,UpperChipman
84,2.88,UpperChipman
85,3.04,UpperChipman
86,3.2,UpperChipman
87,3.36,UpperChipman
88,3.52,UpperChipman
89,3.67,UpperChipman
90,3.83,UpperChipman
91,3.99,UpperChipman
92,4.15,UpperChipman
93,4.3,UpperChipman
94,4.46,UpperChipman
95,4.63,UpperChipman
96,4.8,UpperChipman
97,4.97,UpperChipman
98,5.14,UpperChipman
99,5.32,UpperChipman
100,5.5,UpperChipman
101,5.68,UpperChipman
102,5.86,UpperChipman
103,6.05,UpperChipman
104,6.24,UpperChipman
105,6.43,UpperChipman
106,6.62,UpperChipman
107,6.81,UpperChipman
108,7.01,UpperChipman
109,7.2,UpperChipman
110,7.4,UpperChipman
111,7.59,UpperChipman
112,7.79,UpperChipman
113,7.99,UpperChipman
114,8.19,UpperChipman
115,8.38,UpperChipman
116,8.58,UpperChipman
117,8.78,UpperChipman
118,8.98,UpperChipman
119,9.17,UpperChipman
120,9.37,UpperChipman
121,9.56,UpperChipman
122,9.76,UpperChipman
123,9.95,UpperChipman
124,10.14,UpperChipman
125,10.33,UpperChipman
126,10.52,UpperChipman
127,10.71,UpperChipman
128,10.89,UpperChipman
129,11.07,UpperChipman
130,11.25,UpperChipman
131,11.43,UpperChipman
132,11.6,UpperChipman
133,11.77,UpperChipman
134,11.94,UpperChipman
135,12.1,UpperChipman
136,12.27,UpperChipman
137,12.42,UpperChipman
138,12.58,UpperChipman
139,12.73,UpperChipman
140,12.89,UpperChipman
141,13.05,UpperChipman
142,13.21,UpperChipman
143,13.37,UpperChipman
144,13.54,UpperChipman
145,13.71,UpperChipman
146,13.88,UpperChipman
147,14.05,UpperChipman
148,14.22,UpperChipman
149,14.39,UpperChipman
150,14.56,UpperChipman
151,14.74,UpperChipman
152,14.91,UpperChipman
153,15.09,UpperChipman
154,15.26,UpperChipman
155,15.43,UpperChipman
156,15.61,UpperChipman
157,15.78,UpperChipman
158,15.95,UpperChipman
159,16.12,UpperChipman
160,16.29,UpperChipman
161,16.45,UpperChipman
162,16.62,UpperChipman
163,16.78,UpperChipman
164,16.93,UpperChipman
165,17.09,UpperChipman
166,17.24,UpperChipman
167,17.39,UpperChipman
168,17.54,UpperChipman
169,17.68,UpperChipman
170,17.82,UpperChipman
171,17.95,UpperChipman
172,18.08,UpperChipman
173,18.21,UpperChipman
174,18.33,UpperChipman
175,18.45,UpperChipman
176,18.56,UpperChipman
177,18.66,UpperChipman
178,18.76,UpperChipman
179,18.85,UpperChipman
180,18.94,UpperChipman
181,19.02,UpperChipman
182,19.09,UpperChipman
183,19.16,UpperChipman
184,19.22,UpperChipman
185,19.28,UpperChipman
186,19.33,UpperChipman
187,19.39,UpperChipman
188,19.44,UpperChipman
189,19.49,UpperChipman
190,19.53,UpperChipman
191,19.57,UpperChipman
192,19.61,UpperChipman
193,19.65,UpperChipman
194,19.69,UpperChipman
195,19.72,UpperChipman
196,19.75,UpperChipman
197,19.77,UpperChipman
198,19.8,UpperChipman
199,19.82,UpperChipman
200,19.84,UpperChipman
201,19.85,UpperChipman
202,19.87,UpperChipman
203,19.88,UpperChipman
204,19.88,UpperChipman
205,19.89,UpperChipman
206,19.89,UpperChipman
207,19.89,UpperChipman
208,19.88,UpperChipman
209,19.88,UpperChipman
210,19.87,UpperChipman
211,19.86,UpperChipman
212,19.84,UpperChipman
213,19.82,UpperChipman
214,19.8,UpperChipman
215,19.78,UpperChipman
216,19.76,UpperChipman
217,19.73,UpperChipman
218,19.7,UpperChipman
219,19.66,UpperChipman
220,19.62,UpperChipman
221,19.58,UpperChipman
222,19.54,UpperChipman
223,19.5,UpperChipman
224,19.45,UpperChipman
225,19.4,UpperChipman
226,19.34,UpperChipman
227,19.29,UpperChipman
228,19.23,UpperChipman
229,19.16,UpperChipman
230,19.1,UpperChipman
231,19.03,UpperChipman
232,18.95,UpperChipman
233,18.87,UpperChipman
234,18.79,UpperChipman
235,18.7,UpperChipman
236,18.61,UpperChipman
237,18.52,UpperChipman
238,18.42,UpperChipman
239,18.32,UpperChipman
240,18.21,UpperChipman
241,18.1,UpperChipman
242,17.99,UpperChipman
243,17.88,UpperChipman
244,17.76,UpperChipman
245,17.64,UpperChipman
246,17.51,UpperChipman
247,17.39,UpperChipman
248,17.26,UpperChipman
249,17.13,UpperChipman
250,16.99,UpperChipman
251,16.86,UpperChipman
252,16.72,UpperChipman
253,16.58,UpperChipman
254,16.44,UpperChipman
255,16.29,UpperChipman
256,16.15,UpperChipman
257,16,UpperChipman
258,15.85,UpperChipman
259,15.7,UpperChipman
260,15.55,UpperChipman
261,15.4,UpperChipman
262,15.25,UpperChipman
263,15.09,UpperChipman
264,14.94,UpperChipman
265,14.78,UpperChipman
266,14.63,UpperChipman
267,14.47,UpperChipman
268,14.31,UpperChipman
269,14.16,UpperChipman
270,14,UpperChipman
271,13.84,UpperChipman
272,13.69,UpperChipman
273,13.53,UpperChipman
274,13.37,UpperChipman
275,13.22,UpperChipman
276,13.06,UpperChipman
277,12.9,UpperChipman
278,12.73,UpperChipman
279,12.56,UpperChipman
280,12.4,UpperChipman
281,12.23,UpperChipman
282,12.05,UpperChipman
283,11.88,UpperChipman
284,11.7,UpperChipman
285,11.52,UpperChipman
286,11.34,UpperChipman
287,11.16,UpperChipman
288,10.97,UpperChipman
289,10.78,UpperChipman
290,10.59,UpperChipman
291,10.4,UpperChipman
292,10.21,UpperChipman
293,10.01,UpperChipman
294,9.82,UpperChipman
295,9.62,UpperChipman
296,9.42,UpperChipman
297,9.21,UpperChipman
298,9.01,UpperChipman
299,8.8,UpperChipman
300,8.59,UpperChipman
301,8.38,UpperChipman
302,8.17,UpperChipman
303,7.96,UpperChipman
304,7.74,UpperChipman
305,7.53,UpperChipman
306,7.31,UpperChipman
307,7.09,UpperChipman
308,6.86,UpperChipman
309,6.64,UpperChipman
310,6.42,UpperChipman
311,6.19,UpperChipman
312,5.96,UpperChipman
313,5.73,UpperChipman
314,5.5,UpperChipman
315,5.27,UpperChipman
316,5.03,UpperChipman
317,4.8,UpperChipman
318,4.56,UpperChipman
319,4.32,UpperChipman
320,4.08,UpperChipman
321,3.84,UpperChipman
322,3.59,UpperChipman
323,3.35,UpperChipman
324,3.1,UpperChipman
325,2.86,UpperChipman
326,2.61,UpperChipman
327,2.36,UpperChipman
328,2.1,UpperChipman
329,1.85,UpperChipman
330,1.59,UpperChipman
331,1.34,UpperChipman
332,1.08,UpperChipman
333,0.82,UpperChipman
334,0.56,UpperChipman
335,0.29,UpperChipman
336,0.03,UpperChipman
337,-0.24,UpperChipman
338,-0.51,UpperChipman
339,-0.78,UpperChipman
340,-1.05,UpperChipman
341,-1.32,UpperChipman
342,-1.6,UpperChipman
343,-1.87,UpperChipman
344,-2.15,UpperChipman
345,-2.43,UpperChipman
346,-2.71,UpperChipman
347,-3,UpperChipman
348,-3.28,UpperChipman
349,-3.57,UpperChipman
350,-3.86,UpperChipman
351,-4.15,UpperChipman
352,-4.44,UpperChipman
353,-4.73,UpperChipman
354,-5.03,UpperChipman
355,-5.32,UpperChipman
356,-5.62,UpperChipman
357,-5.92,UpperChipman
358,-6.23,UpperChipman
359,-6.53,UpperChipman
360,-6.84,UpperChipman
361,-7.15,UpperChipman
362,-7.46,UpperChipman
363,-7.77,UpperChipman
364,-8.08,UpperChipman
365,-8.4,UpperChipman
366,-8.71,UpperChipman
1,-8.94,Major
2,-8.82,Major
3,-8.69,Major
4,-8.57,Major
5,-8.44,Major
6,-8.32,Major
7,-8.19,Major
8,-8.07,Major
9,-7.94,Major
10,-7.82,Major
11,-7.69,Major
12,-7.56,Major
13,-7.44,Major
14,-7.31,Major
15,-7.18,Major
16,-7.05,Major
17,-6.92,Major
18,-6.79,Major
19,-6.67,Major
20,-6.54,Major
21,-6.41,Major
22,-6.27,Major
23,-6.14,Major
24,-6.01,Major
25,-5.88,Major
26,-5.75,Major
27,-5.61,Major
28,-5.48,Major
29,-5.35,Major
30,-5.21,Major
31,-5.07,Major
32,-4.94,Major
33,-4.8,Major
34,-4.66,Major
35,-4.53,Major
36,-4.39,Major
37,-4.25,Major
38,-4.11,Major
39,-3.97,Major
40,-3.83,Major
41,-3.68,Major
42,-3.54,Major
43,-3.4,Major
44,-3.25,Major
45,-3.11,Major
46,-2.96,Major
47,-2.82,Major
48,-2.67,Major
49,-2.52,Major
50,-2.37,Major
51,-2.22,Major
52,-2.07,Major
53,-1.92,Major
54,-1.76,Major
55,-1.61,Major
56,-1.45,Major
57,-1.3,Major
58,-1.14,Major
59,-0.99,Major
60,-0.83,Major
61,-0.67,Major
62,-0.51,Major
63,-0.36,Major
64,-0.2,Major
65,-0.04,Major
66,0.12,Major
67,0.28,Major
68,0.44,Major
69,0.6,Major
70,0.76,Major
71,0.93,Major
72,1.09,Major
73,1.25,Major
74,1.41,Major
75,1.57,Major
76,1.73,Major
77,1.9,Major
78,2.06,Major
79,2.22,Major
80,2.38,Major
81,2.54,Major
82,2.7,Major
83,2.87,Major
84,3.03,Major
85,3.19,Major
86,3.35,Major
87,3.51,Major
88,3.67,Major
89,3.83,Major
90,3.99,Major
91,4.15,Major
92,4.3,Major
93,4.46,Major
94,4.63,Major
95,4.79,Major
96,4.96,Major
97,5.14,Major
98,5.31,Major
99,5.49,Major
100,5.68,Major
101,5.86,Major
102,6.05,Major
103,6.23,Major
104,6.42,Major
105,6.62,Major
106,6.81,Major
107,7.01,Major
108,7.2,Major
109,7.4,Major
110,7.6,Major
111,7.8,Major
112,8,Major
113,8.2,Major
114,8.4,Major
115,8.6,Major
116,8.8,Major
117,9,Major
118,9.2,Major
119,9.4,Major
120,9.6,Major
121,9.8,Major
122,9.99,Major
123,10.19,Major
124,10.38,Major
125,10.58,Major
126,10.77,Major
127,10.96,Major
128,11.14,Major
129,11.33,Major
130,11.51,Major
131,11.69,Major
132,11.86,Major
133,12.04,Major
134,12.21,Major
135,12.37,Major
136,12.54,Major
137,12.7,Major
138,12.85,Major
139,13.01,Major
140,13.17,Major
141,13.33,Major
142,13.49,Major
143,13.66,Major
144,13.83,Major
145,14,Major
146,14.17,Major
147,14.35,Major
148,14.52,Major
149,14.7,Major
150,14.87,Major
151,15.05,Major
152,15.23,Major
153,15.4,Major
154,15.58,Major
155,15.76,Major
156,15.93,Major
157,16.11,Major
158,16.28,Major
159,16.45,Major
160,16.62,Major
161,16.79,Major
162,16.96,Major
163,17.12,Major
164,17.28,Major
165,17.44,Major
166,17.6,Major
167,17.75,Major
168,17.9,Major
169,18.04,Major
170,18.18,Major
171,18.32,Major
172,18.45,Major
173,18.58,Major
174,18.7,Major
175,18.82,Major
176,18.93,Major
177,19.04,Major
178,19.14,Major
179,19.23,Major
180,19.32,Major
181,19.4,Major
182,19.47,Major
183,19.54,Major
184,19.6,Major
185,19.66,Major
186,19.72,Major
187,19.78,Major
188,19.83,Major
189,19.88,Major
190,19.92,Major
191,19.97,Major
192,20.01,Major
193,20.04,Major
194,20.08,Major
195,20.11,Major
196,20.14,Major
197,20.17,Major
198,20.19,Major
199,20.21,Major
200,20.23,Major
201,20.25,Major
202,20.26,Major
203,20.27,Major
204,20.28,Major
205,20.28,Major
206,20.28,Major
207,20.28,Major
208,20.28,Major
209,20.27,Major
210,20.26,Major
211,20.25,Major
212,20.24,Major
213,20.22,Major
214,20.2,Major
215,20.17,Major
216,20.15,Major
217,20.12,Major
218,20.09,Major
219,20.05,Major
220,20.01,Major
221,19.97,Major
222,19.93,Major
223,19.88,Major
224,19.83,Major
225,19.78,Major
226,19.73,Major
227,19.67,Major
228,19.61,Major
229,19.55,Major
230,19.48,Major
231,19.41,Major
232,19.33,Major
233,19.25,Major
234,19.17,Major
235,19.08,Major
236,18.99,Major
237,18.89,Major
238,18.79,Major
239,18.69,Major
240,18.58,Major
241,18.47,Major
242,18.35,Major
243,18.24,Major
244,18.12,Major
245,17.99,Major
246,17.87,Major
247,17.74,Major
248,17.61,Major
249,17.47,Major
250,17.34,Major
251,17.2,Major
252,17.06,Major
253,16.92,Major
254,16.77,Major
255,16.63,Major
256,16.48,Major
257,16.33,Major
258,16.18,Major
259,16.03,Major
260,15.88,Major
261,15.72,Major
262,15.57,Major
263,15.41,Major
264,15.25,Major
265,15.1,Major
266,14.94,Major
267,14.78,Major
268,14.62,Major
269,14.46,Major
270,14.3,Major
271,14.14,Major
272,13.98,Major
273,13.83,Major
274,13.67,Major
275,13.51,Major
276,13.35,Major
277,13.18,Major
278,13.02,Major
279,12.85,Major
280,12.68,Major
281,12.5,Major
282,12.33,Major
283,12.15,Major
284,11.97,Major
285,11.79,Major
286,11.61,Major
287,11.42,Major
288,11.23,Major
289,11.05,Major
290,10.85,Major
291,10.66,Major
292,10.46,Major
293,10.27,Major
294,10.07,Major
295,9.87,Major
296,9.66,Major
297,9.46,Major
298,9.25,Major
299,9.04,Major
300,8.83,Major
301,8.62,Major
302,8.4,Major
303,8.19,Major
304,7.97,Major
305,7.75,Major
306,7.53,Major
307,7.3,Major
308,7.08,Major
309,6.85,Major
310,6.63,Major
311,6.4,Major
312,6.16,Major
313,5.93,Major
314,5.7,Major
315,5.46,Major
316,5.23,Major
317,4.99,Major
318,4.75,Major
319,4.51,Major
320,4.26,Major
321,4.02,Major
322,3.77,Major
323,3.52,Major
324,3.28,Major
325,3.03,Major
326,2.77,Major
327,2.52,Major
328,2.27,Major
329,2.01,Major
330,1.75,Major
331,1.49,Major
332,1.23,Major
333,0.97,Major
334,0.7,Major
335,0.44,Major
336,0.17,Major
337,-0.1,Major
338,-0.37,Major
339,-0.64,Major
340,-0.92,Major
341,-1.2,Major
342,-1.47,Major
343,-1.75,Major
344,-2.03,Major
345,-2.32,Major
346,-2.6,Major
347,-2.89,Major
348,-3.17,Major
349,-3.46,Major
350,-3.76,Major
351,-4.05,Major
352,-4.34,Major
353,-4.64,Major
354,-4.94,Major
355,-5.24,Major
356,-5.54,Major
357,-5.85,Major
358,-6.15,Major
359,-6.46,Major
360,-6.77,Major
361,-7.08,Major
362,-7.39,Major
363,-7.71,Major
364,-8.02,Major
365,-8.34,Major
366,-8.66,Major
1,-8.81,Lourie
2,-8.69,Lourie
3,-8.56,Lourie
4,-8.44,Lourie
5,-8.32,Lourie
6,-8.19,Lourie
7,-8.07,Lourie
8,-7.94,Lourie
9,-7.82,Lourie
10,-7.69,Lourie
11,-7.56,Lourie
12,-7.44,Lourie
13,-7.31,Lourie
14,-7.18,Lourie
15,-7.06,Lourie
16,-6.93,Lourie
17,-6.8,Lourie
18,-6.67,Lourie
19,-6.54,Lourie
20,-6.41,Lourie
21,-6.28,Lourie
22,-6.15,Lourie
23,-6.02,Lourie
24,-5.89,Lourie
25,-5.76,Lourie
26,-5.63,Lourie
27,-5.49,Lourie
28,-5.36,Lourie
29,-5.23,Lourie
30,-5.09,Lourie
31,-4.96,Lourie
32,-4.82,Lourie
33,-4.69,Lourie
34,-4.55,Lourie
35,-4.41,Lourie
36,-4.27,Lourie
37,-4.13,Lourie
38,-3.99,Lourie
39,-3.85,Lourie
40,-3.71,Lourie
41,-3.57,Lourie
42,-3.43,Lourie
43,-3.29,Lourie
44,-3.14,Lourie
45,-3,Lourie
46,-2.85,Lourie
47,-2.71,Lourie
48,-2.56,Lourie
49,-2.41,Lourie
50,-2.26,Lourie
51,-2.11,Lourie
52,-1.96,Lourie
53,-1.81,Lourie
54,-1.66,Lourie
55,-1.5,Lourie
56,-1.35,Lourie
57,-1.2,Lourie
58,-1.04,Lourie
59,-0.88,Lourie
60,-0.73,Lourie
61,-0.57,Lourie
62,-0.41,Lourie
63,-0.26,Lourie
64,-0.1,Lourie
65,0.06,Lourie
66,0.22,Lourie
67,0.38,Lourie
68,0.54,Lourie
69,0.7,Lourie
70,0.86,Lourie
71,1.02,Lourie
72,1.18,Lourie
73,1.34,Lourie
74,1.5,Lourie
75,1.67,Lourie
76,1.83,Lourie
77,1.99,Lourie
78,2.15,Lourie
79,2.31,Lourie
80,2.47,Lourie
81,2.63,Lourie
82,2.79,Lourie
83,2.95,Lourie
84,3.11,Lourie
85,3.28,Lourie
86,3.44,Lourie
87,3.59,Lourie
88,3.75,Lourie
89,3.91,Lourie
90,4.07,Lourie
91,4.23,Lourie
92,4.39,Lourie
93,4.55,Lourie
94,4.71,Lourie
95,4.88,Lourie
96,5.05,Lourie
97,5.22,Lourie
98,5.39,Lourie
99,5.57,Lourie
100,5.75,Lourie
101,5.94,Lourie
102,6.12,Lourie
103,6.31,Lourie
104,6.5,Lourie
105,6.69,Lourie
106,6.88,Lourie
107,7.08,Lourie
108,7.28,Lourie
109,7.47,Lourie
110,7.67,Lourie
111,7.87,Lourie
112,8.07,Lourie
113,8.27,Lourie
114,8.47,Lourie
115,8.67,Lourie
116,8.87,Lourie
117,9.07,Lourie
118,9.27,Lourie
119,9.47,Lourie
120,9.66,Lourie
121,9.86,Lourie
122,10.06,Lourie
123,10.25,Lourie
124,10.44,Lourie
125,10.64,Lourie
126,10.83,Lourie
127,11.01,Lourie
128,11.2,Lourie
129,11.38,Lourie
130,11.56,Lourie
131,11.74,Lourie
132,11.92,Lourie
133,12.09,Lourie
134,12.26,Lourie
135,12.43,Lourie
136,12.59,Lourie
137,12.75,Lourie
138,12.91,Lourie
139,13.06,Lourie
140,13.22,Lourie
141,13.38,Lourie
142,13.54,Lourie
143,13.71,Lourie
144,13.88,Lourie
145,14.05,Lourie
146,14.22,Lourie
147,14.39,Lourie
148,14.56,Lourie
149,14.74,Lourie
150,14.91,Lourie
151,15.09,Lourie
152,15.27,Lourie
153,15.44,Lourie
154,15.62,Lourie
155,15.79,Lourie
156,15.97,Lourie
157,16.14,Lourie
158,16.31,Lourie
159,16.49,Lourie
160,16.65,Lourie
161,16.82,Lourie
162,16.99,Lourie
163,17.15,Lourie
164,17.31,Lourie
165,17.47,Lourie
166,17.62,Lourie
167,17.77,Lourie
168,17.92,Lourie
169,18.07,Lourie
170,18.21,Lourie
171,18.34,Lourie
172,18.47,Lourie
173,18.6,Lourie
174,18.72,Lourie
175,18.84,Lourie
176,18.95,Lourie
177,19.06,Lourie
178,19.16,Lourie
179,19.25,Lourie
180,19.34,Lourie
181,19.42,Lourie
182,19.49,Lourie
183,19.56,Lourie
184,19.62,Lourie
185,19.68,Lourie
186,19.74,Lourie
187,19.79,Lourie
188,19.85,Lourie
189,19.9,Lourie
190,19.94,Lourie
191,19.99,Lourie
192,20.03,Lourie
193,20.06,Lourie
194,20.1,Lourie
195,20.13,Lourie
196,20.16,Lourie
197,20.19,Lourie
198,20.21,Lourie
199,20.24,Lourie
200,20.25,Lourie
201,20.27,Lourie
202,20.28,Lourie
203,20.3,Lourie
204,20.3,Lourie
205,20.31,Lourie
206,20.31,Lourie
207,20.31,Lourie
208,20.31,Lourie
209,20.3,Lourie
210,20.29,Lourie
211,20.28,Lourie
212,20.27,Lourie
213,20.25,Lourie
214,20.23,Lourie
215,20.21,Lourie
216,20.18,Lourie
217,20.15,Lourie
218,20.12,Lourie
219,20.09,Lourie
220,20.05,Lourie
221,20.01,Lourie
222,19.97,Lourie
223,19.92,Lourie
224,19.88,Lourie
225,19.82,Lourie
226,19.77,Lourie
227,19.71,Lourie
228,19.65,Lourie
229,19.59,Lourie
230,19.53,Lourie
231,19.46,Lourie
232,19.38,Lourie
233,19.3,Lourie
234,19.22,Lourie
235,19.13,Lourie
236,19.04,Lourie
237,18.94,Lourie
238,18.84,Lourie
239,18.74,Lourie
240,18.64,Lourie
241,18.53,Lourie
242,18.41,Lourie
243,18.3,Lourie
244,18.18,Lourie
245,18.06,Lourie
246,17.93,Lourie
247,17.81,Lourie
248,17.68,Lourie
249,17.54,Lourie
250,17.41,Lourie
251,17.27,Lourie
252,17.13,Lourie
253,16.99,Lourie
254,16.85,Lourie
255,16.71,Lourie
256,16.56,Lourie
257,16.41,Lourie
258,16.26,Lourie
259,16.11,Lourie
260,15.96,Lourie
261,15.81,Lourie
262,15.65,Lourie
263,15.5,Lourie
264,15.34,Lourie
265,15.19,Lourie
266,15.03,Lourie
267,14.87,Lourie
268,14.72,Lourie
269,14.56,Lourie
270,14.4,Lourie
271,14.24,Lourie
272,14.09,Lourie
273,13.93,Lourie
274,13.77,Lourie
275,13.62,Lourie
276,13.46,Lourie
277,13.29,Lourie
278,13.13,Lourie
279,12.96,Lourie
280,12.79,Lourie
281,12.62,Lourie
282,12.45,Lourie
283,12.27,Lourie
284,12.09,Lourie
285,11.91,Lourie
286,11.73,Lourie
287,11.55,Lourie
288,11.36,Lourie
289,11.17,Lourie
290,10.98,Lourie
291,10.79,Lourie
292,10.6,Lourie
293,10.4,Lourie
294,10.2,Lourie
295,10.01,Lourie
296,9.8,Lourie
297,9.6,Lourie
298,9.39,Lourie
299,9.19,Lourie
300,8.98,Lourie
301,8.77,Lourie
302,8.55,Lourie
303,8.34,Lourie
304,8.12,Lourie
305,7.91,Lourie
306,7.69,Lourie
307,7.47,Lourie
308,7.24,Lourie
309,7.02,Lourie
310,6.79,Lourie
311,6.57,Lourie
312,6.34,Lourie
313,6.11,Lourie
314,5.87,Lourie
315,5.64,Lourie
316,5.4,Lourie
317,5.17,Lourie
318,4.93,Lourie
319,4.69,Lourie
320,4.45,Lourie
321,4.21,Lourie
322,3.96,Lourie
323,3.72,Lourie
324,3.47,Lourie
325,3.22,Lourie
326,2.97,Lourie
327,2.72,Lourie
328,2.47,Lourie
329,2.21,Lourie
330,1.96,Lourie
331,1.7,Lourie
332,1.44,Lourie
333,1.18,Lourie
334,0.92,Lourie
335,0.65,Lourie
336,0.39,Lourie
337,0.12,Lourie
338,-0.15,Lourie
339,-0.42,Lourie
340,-0.69,Lourie
341,-0.96,Lourie
342,-1.24,Lourie
343,-1.52,Lourie
344,-1.8,Lourie
345,-2.08,Lourie
346,-2.36,Lourie
347,-2.64,Lourie
348,-2.93,Lourie
349,-3.22,Lourie
350,-3.5,Lourie
351,-3.8,Lourie
352,-4.09,Lourie
353,-4.38,Lourie
354,-4.68,Lourie
355,-4.98,Lourie
356,-5.28,Lourie
357,-5.58,Lourie
358,-5.88,Lourie
359,-6.19,Lourie
360,-6.49,Lourie
361,-6.8,Lourie
362,-7.11,Lourie
363,-7.43,Lourie
364,-7.74,Lourie
365,-8.06,Lourie
366,-8.37,Lourie
1,-11.21,Snowbowl
2,-11.1,Snowbowl
3,-10.98,Snowbowl
4,-10.87,Snowbowl
5,-10.75,Snowbowl
6,-10.63,Snowbowl
7,-10.52,Snowbowl
8,-10.4,Snowbowl
9,-10.28,Snowbowl
10,-10.17,Snowbowl
11,-10.05,Snowbowl
12,-9.93,Snowbowl
13,-9.81,Snowbowl
14,-9.69,Snowbowl
15,-9.58,Snowbowl
16,-9.46,Snowbowl
17,-9.34,Snowbowl
18,-9.22,Snowbowl
19,-9.1,Snowbowl
20,-8.97,Snowbowl
21,-8.85,Snowbowl
22,-8.73,Snowbowl
23,-8.61,Snowbowl
24,-8.49,Snowbowl
25,-8.36,Snowbowl
26,-8.24,Snowbowl
27,-8.12,Snowbowl
28,-7.99,Snowbowl
29,-7.87,Snowbowl
30,-7.74,Snowbowl
31,-7.61,Snowbowl
32,-7.49,Snowbowl
33,-7.36,Snowbowl
34,-7.23,Snowbowl
35,-7.1,Snowbowl
36,-6.97,Snowbowl
37,-6.84,Snowbowl
38,-6.71,Snowbowl
39,-6.58,Snowbowl
40,-6.45,Snowbowl
41,-6.31,Snowbowl
42,-6.18,Snowbowl
43,-6.05,Snowbowl
44,-5.91,Snowbowl
45,-5.78,Snowbowl
46,-5.64,Snowbowl
47,-5.5,Snowbowl
48,-5.36,Snowbowl
49,-5.22,Snowbowl
50,-5.08,Snowbowl
51,-4.94,Snowbowl
52,-4.8,Snowbowl
53,-4.66,Snowbowl
54,-4.52,Snowbowl
55,-4.37,Snowbowl
56,-4.23,Snowbowl
57,-4.08,Snowbowl
58,-3.94,Snowbowl
59,-3.79,Snowbowl
60,-3.64,Snowbowl
61,-3.49,Snowbowl
62,-3.35,Snowbowl
63,-3.2,Snowbowl
64,-3.05,Snowbowl
65,-2.9,Snowbowl
66,-2.75,Snowbowl
67,-2.6,Snowbowl
68,-2.45,Snowbowl
69,-2.3,Snowbowl
70,-2.15,Snowbowl
71,-2,Snowbowl
72,-1.84,Snowbowl
73,-1.69,Snowbowl
74,-1.54,Snowbowl
75,-1.39,Snowbowl
76,-1.24,Snowbowl
77,-1.09,Snowbowl
78,-0.93,Snowbowl
79,-0.78,Snowbowl
80,-0.63,Snowbowl
81,-0.48,Snowbowl
82,-0.33,Snowbowl
83,-0.18,Snowbowl
84,-0.03,Snowbowl
85,0.13,Snowbowl
86,0.28,Snowbowl
87,0.43,Snowbowl
88,0.58,Snowbowl
89,0.73,Snowbowl
90,0.88,Snowbowl
91,1.02,Snowbowl
92,1.17,Snowbowl
93,1.32,Snowbowl
94,1.48,Snowbowl
95,1.63,Snowbowl
96,1.79,Snowbowl
97,1.96,Snowbowl
98,2.12,Snowbowl
99,2.29,Snowbowl
100,2.46,Snowbowl
101,2.63,Snowbowl
102,2.81,Snowbowl
103,2.99,Snowbowl
104,3.17,Snowbowl
105,3.35,Snowbowl
106,3.53,Snowbowl
107,3.71,Snowbowl
108,3.9,Snowbowl
109,4.08,Snowbowl
110,4.27,Snowbowl
111,4.46,Snowbowl
112,4.65,Snowbowl
113,4.84,Snowbowl
114,5.03,Snowbowl
115,5.21,Snowbowl
116,5.4,Snowbowl
117,5.59,Snowbowl
118,5.78,Snowbowl
119,5.97,Snowbowl
120,6.16,Snowbowl
121,6.34,Snowbowl
122,6.53,Snowbowl
123,6.71,Snowbowl
124,6.9,Snowbowl
125,7.08,Snowbowl
126,7.26,Snowbowl
127,7.43,Snowbowl
128,7.61,Snowbowl
129,7.78,Snowbowl
130,7.95,Snowbowl
131,8.12,Snowbowl
132,8.29,Snowbowl
133,8.45,Snowbowl
134,8.61,Snowbowl
135,8.77,Snowbowl
136,8.93,Snowbowl
137,9.08,Snowbowl
138,9.22,Snowbowl
139,9.37,Snowbowl
140,9.52,Snowbowl
141,9.67,Snowbowl
142,9.82,Snowbowl
143,9.98,Snowbowl
144,10.14,Snowbowl
145,10.3,Snowbowl
146,10.46,Snowbowl
147,10.62,Snowbowl
148,10.78,Snowbowl
149,10.94,Snowbowl
150,11.11,Snowbowl
151,11.27,Snowbowl
152,11.44,Snowbowl
153,11.6,Snowbowl
154,11.76,Snowbowl
155,11.93,Snowbowl
156,12.09,Snowbowl
157,12.25,Snowbowl
158,12.41,Snowbowl
159,12.57,Snowbowl
160,12.73,Snowbowl
161,12.89,Snowbowl
162,13.04,Snowbowl
163,13.19,Snowbowl
164,13.34,Snowbowl
165,13.49,Snowbowl
166,13.63,Snowbowl
167,13.77,Snowbowl
168,13.91,Snowbowl
169,14.05,Snowbowl
170,14.18,Snowbowl
171,14.3,Snowbowl
172,14.43,Snowbowl
173,14.55,Snowbowl
174,14.66,Snowbowl
175,14.77,Snowbowl
176,14.88,Snowbowl
177,14.98,Snowbowl
178,15.07,Snowbowl
179,15.16,Snowbowl
180,15.24,Snowbowl
181,15.32,Snowbowl
182,15.39,Snowbowl
183,15.46,Snowbowl
184,15.52,Snowbowl
185,15.58,Snowbowl
186,15.63,Snowbowl
187,15.69,Snowbowl
188,15.74,Snowbowl
189,15.79,Snowbowl
190,15.84,Snowbowl
191,15.88,Snowbowl
192,15.92,Snowbowl
193,15.96,Snowbowl
194,16,Snowbowl
195,16.04,Snowbowl
196,16.07,Snowbowl
197,16.1,Snowbowl
198,16.13,Snowbowl
199,16.15,Snowbowl
200,16.18,Snowbowl
201,16.2,Snowbowl
202,16.21,Snowbowl
203,16.23,Snowbowl
204,16.24,Snowbowl
205,16.25,Snowbowl
206,16.26,Snowbowl
207,16.26,Snowbowl
208,16.27,Snowbowl
209,16.27,Snowbowl
210,16.26,Snowbowl
211,16.26,Snowbowl
212,16.25,Snowbowl
213,16.24,Snowbowl
214,16.22,Snowbowl
215,16.21,Snowbowl
216,16.19,Snowbowl
217,16.17,Snowbowl
218,16.14,Snowbowl
219,16.12,Snowbowl
220,16.09,Snowbowl
221,16.05,Snowbowl
222,16.02,Snowbowl
223,15.98,Snowbowl
224,15.94,Snowbowl
225,15.89,Snowbowl
226,15.85,Snowbowl
227,15.8,Snowbowl
228,15.75,Snowbowl
229,15.69,Snowbowl
230,15.63,Snowbowl
231,15.57,Snowbowl
232,15.5,Snowbowl
233,15.43,Snowbowl
234,15.36,Snowbowl
235,15.28,Snowbowl
236,15.2,Snowbowl
237,15.11,Snowbowl
238,15.02,Snowbowl
239,14.93,Snowbowl
240,14.84,Snowbowl
241,14.74,Snowbowl
242,14.64,Snowbowl
243,14.53,Snowbowl
244,14.42,Snowbowl
245,14.32,Snowbowl
246,14.2,Snowbowl
247,14.09,Snowbowl
248,13.97,Snowbowl
249,13.85,Snowbowl
250,13.73,Snowbowl
251,13.6,Snowbowl
252,13.48,Snowbowl
253,13.35,Snowbowl
254,13.22,Snowbowl
255,13.09,Snowbowl
256,12.95,Snowbowl
257,12.82,Snowbowl
258,12.68,Snowbowl
259,12.54,Snowbowl
260,12.4,Snowbowl
261,12.26,Snowbowl
262,12.12,Snowbowl
263,11.98,Snowbowl
264,11.83,Snowbowl
265,11.69,Snowbowl
266,11.54,Snowbowl
267,11.39,Snowbowl
268,11.24,Snowbowl
269,11.1,Snowbowl
270,10.95,Snowbowl
271,10.8,Snowbowl
272,10.65,Snowbowl
273,10.5,Snowbowl
274,10.35,Snowbowl
275,10.2,Snowbowl
276,10.05,Snowbowl
277,9.89,Snowbowl
278,9.73,Snowbowl
279,9.57,Snowbowl
280,9.41,Snowbowl
281,9.25,Snowbowl
282,9.08,Snowbowl
283,8.91,Snowbowl
284,8.74,Snowbowl
285,8.57,Snowbowl
286,8.4,Snowbowl
287,8.22,Snowbowl
288,8.04,Snowbowl
289,7.86,Snowbowl
290,7.68,Snowbowl
291,7.5,Snowbowl
292,7.31,Snowbowl
293,7.12,Snowbowl
294,6.93,Snowbowl
295,6.74,Snowbowl
296,6.54,Snowbowl
297,6.35,Snowbowl
298,6.15,Snowbowl
299,5.95,Snowbowl
300,5.75,Snowbowl
301,5.54,Snowbowl
302,5.34,Snowbowl
303,5.13,Snowbowl
304,4.92,Snowbowl
305,4.71,Snowbowl
306,4.5,Snowbowl
307,4.29,Snowbowl
308,4.07,Snowbowl
309,3.85,Snowbowl
310,3.63,Snowbowl
311,3.41,Snowbowl
312,3.19,Snowbowl
313,2.96,Snowbowl
314,2.74,Snowbowl
315,2.51,Snowbowl
316,2.28,Snowbowl
317,2.05,Snowbowl
318,1.82,Snowbowl
319,1.59,Snowbowl
320,1.35,Snowbowl
321,1.11,Snowbowl
322,0.87,Snowbowl
323,0.63,Snowbowl
324,0.39,Snowbowl
325,0.15,Snowbowl
326,-0.1,Snowbowl
327,-0.34,Snowbowl
328,-0.59,Snowbowl
329,-0.84,Snowbowl
330,-1.09,Snowbowl
331,-1.35,Snowbowl
332,-1.6,Snowbowl
333,-1.86,Snowbowl
334,-2.12,Snowbowl
335,-2.38,Snowbowl
336,-2.64,Snowbowl
337,-2.9,Snowbowl
338,-3.17,Snowbowl
339,-3.43,Snowbowl
340,-3.7,Snowbowl
341,-3.97,Snowbowl
342,-4.24,Snowbowl
343,-4.52,Snowbowl
344,-4.79,Snowbowl
345,-5.07,Snowbowl
346,-5.35,Snowbowl
347,-5.63,Snowbowl
348,-5.91,Snowbowl
349,-6.2,Snowbowl
350,-6.48,Snowbowl
351,-6.77,Snowbowl
352,-7.06,Snowbowl
353,-7.35,Snowbowl
354,-7.65,Snowbowl
355,-7.94,Snowbowl
356,-8.24,Snowbowl
357,-8.54,Snowbowl
358,-8.84,Snowbowl
359,-9.14,Snowbowl
360,-9.45,Snowbowl
361,-9.75,Snowbowl
362,-10.06,Snowbowl
363,-10.37,Snowbowl
364,-10.68,Snowbowl
365,-11,Snowbowl
366,-11.31,Snowbowl
1,-9.08,Jackson
2,-8.96,Jackson
3,-8.83,Jackson
4,-8.71,Jackson
5,-8.59,Jackson
6,-8.46,Jackson
7,-8.34,Jackson
8,-8.21,Jackson
9,-8.09,Jackson
10,-7.96,Jackson
11,-7.83,Jackson
12,-7.71,Jackson
13,-7.58,Jackson
14,-7.45,Jackson
15,-7.33,Jackson
16,-7.2,Jackson
17,-7.07,Jackson
18,-6.94,Jackson
19,-6.81,Jackson
20,-6.68,Jackson
21,-6.55,Jackson
22,-6.42,Jackson
23,-6.29,Jackson
24,-6.16,Jackson
25,-6.03,Jackson
26,-5.9,Jackson
27,-5.76,Jackson
28,-5.63,Jackson
29,-5.5,Jackson
30,-5.36,Jackson
31,-5.23,Jackson
32,-5.09,Jackson
33,-4.96,Jackson
34,-4.82,Jackson
35,-4.68,Jackson
36,-4.54,Jackson
37,-4.4,Jackson
38,-4.26,Jackson
39,-4.12,Jackson
40,-3.98,Jackson
41,-3.84,Jackson
42,-3.7,Jackson
43,-3.56,Jackson
44,-3.41,Jackson
45,-3.27,Jackson
46,-3.12,Jackson
47,-2.98,Jackson
48,-2.83,Jackson
49,-2.68,Jackson
50,-2.53,Jackson
51,-2.38,Jackson
52,-2.23,Jackson
53,-2.08,Jackson
54,-1.93,Jackson
55,-1.78,Jackson
56,-1.62,Jackson
57,-1.47,Jackson
58,-1.31,Jackson
59,-1.16,Jackson
60,-1,Jackson
61,-0.84,Jackson
62,-0.69,Jackson
63,-0.53,Jackson
64,-0.37,Jackson
65,-0.21,Jackson
66,-0.05,Jackson
67,0.11,Jackson
68,0.27,Jackson
69,0.43,Jackson
70,0.59,Jackson
71,0.75,Jackson
72,0.91,Jackson
73,1.07,Jackson
74,1.23,Jackson
75,1.39,Jackson
76,1.55,Jackson
77,1.71,Jackson
78,1.87,Jackson
79,2.03,Jackson
80,2.19,Jackson
81,2.35,Jackson
82,2.52,Jackson
83,2.68,Jackson
84,2.84,Jackson
85,3,Jackson
86,3.16,Jackson
87,3.32,Jackson
88,3.47,Jackson
89,3.63,Jackson
90,3.79,Jackson
91,3.95,Jackson
92,4.11,Jackson
93,4.27,Jackson
94,4.43,Jackson
95,4.59,Jackson
96,4.76,Jackson
97,4.94,Jackson
98,5.11,Jackson
99,5.29,Jackson
100,5.47,Jackson
101,5.65,Jackson
102,5.84,Jackson
103,6.02,Jackson
104,6.21,Jackson
105,6.4,Jackson
106,6.6,Jackson
107,6.79,Jackson
108,6.99,Jackson
109,7.18,Jackson
110,7.38,Jackson
111,7.58,Jackson
112,7.78,Jackson
113,7.98,Jackson
114,8.17,Jackson
115,8.37,Jackson
116,8.57,Jackson
117,8.77,Jackson
118,8.97,Jackson
119,9.17,Jackson
120,9.37,Jackson
121,9.56,Jackson
122,9.76,Jackson
123,9.95,Jackson
124,10.14,Jackson
125,10.33,Jackson
126,10.52,Jackson
127,10.71,Jackson
128,10.9,Jackson
129,11.08,Jackson
130,11.26,Jackson
131,11.44,Jackson
132,11.61,Jackson
133,11.79,Jackson
134,11.95,Jackson
135,12.12,Jackson
136,12.28,Jackson
137,12.44,Jackson
138,12.6,Jackson
139,12.75,Jackson
140,12.91,Jackson
141,13.07,Jackson
142,13.23,Jackson
143,13.4,Jackson
144,13.57,Jackson
145,13.74,Jackson
146,13.91,Jackson
147,14.08,Jackson
148,14.26,Jackson
149,14.43,Jackson
150,14.61,Jackson
151,14.78,Jackson
152,14.96,Jackson
153,15.13,Jackson
154,15.31,Jackson
155,15.49,Jackson
156,15.66,Jackson
157,15.83,Jackson
158,16.01,Jackson
159,16.18,Jackson
160,16.35,Jackson
161,16.52,Jackson
162,16.68,Jackson
163,16.84,Jackson
164,17.01,Jackson
165,17.16,Jackson
166,17.32,Jackson
167,17.47,Jackson
168,17.62,Jackson
169,17.76,Jackson
170,17.9,Jackson
171,18.04,Jackson
172,18.17,Jackson
173,18.3,Jackson
174,18.42,Jackson
175,18.54,Jackson
176,18.65,Jackson
177,18.75,Jackson
178,18.85,Jackson
179,18.95,Jackson
180,19.03,Jackson
181,19.11,Jackson
182,19.19,Jackson
183,19.26,Jackson
184,19.32,Jackson
185,19.38,Jackson
186,19.43,Jackson
187,19.49,Jackson
188,19.54,Jackson
189,19.59,Jackson
190,19.63,Jackson
191,19.68,Jackson
192,19.72,Jackson
193,19.75,Jackson
194,19.79,Jackson
195,19.82,Jackson
196,19.85,Jackson
197,19.88,Jackson
198,19.9,Jackson
199,19.92,Jackson
200,19.94,Jackson
201,19.96,Jackson
202,19.97,Jackson
203,19.98,Jackson
204,19.99,Jackson
205,19.99,Jackson
206,19.99,Jackson
207,19.99,Jackson
208,19.99,Jackson
209,19.98,Jackson
210,19.97,Jackson
211,19.96,Jackson
212,19.94,Jackson
213,19.93,Jackson
214,19.9,Jackson
215,19.88,Jackson
216,19.85,Jackson
217,19.83,Jackson
218,19.79,Jackson
219,19.76,Jackson
220,19.72,Jackson
221,19.68,Jackson
222,19.64,Jackson
223,19.59,Jackson
224,19.54,Jackson
225,19.49,Jackson
226,19.44,Jackson
227,19.38,Jackson
228,19.32,Jackson
229,19.25,Jackson
230,19.19,Jackson
231,19.12,Jackson
232,19.04,Jackson
233,18.96,Jackson
234,18.87,Jackson
235,18.79,Jackson
236,18.69,Jackson
237,18.6,Jackson
238,18.5,Jackson
239,18.39,Jackson
240,18.29,Jackson
241,18.18,Jackson
242,18.06,Jackson
243,17.95,Jackson
244,17.83,Jackson
245,17.7,Jackson
246,17.58,Jackson
247,17.45,Jackson
248,17.32,Jackson
249,17.19,Jackson
250,17.05,Jackson
251,16.91,Jackson
252,16.77,Jackson
253,16.63,Jackson
254,16.49,Jackson
255,16.34,Jackson
256,16.19,Jackson
257,16.05,Jackson
258,15.89,Jackson
259,15.74,Jackson
260,15.59,Jackson
261,15.44,Jackson
262,15.28,Jackson
263,15.13,Jackson
264,14.97,Jackson
265,14.81,Jackson
266,14.65,Jackson
267,14.5,Jackson
268,14.34,Jackson
269,14.18,Jackson
270,14.02,Jackson
271,13.86,Jackson
272,13.7,Jackson
273,13.54,Jackson
274,13.39,Jackson
275,13.23,Jackson
276,13.07,Jackson
277,12.9,Jackson
278,12.74,Jackson
279,12.57,Jackson
280,12.4,Jackson
281,12.23,Jackson
282,12.05,Jackson
283,11.87,Jackson
284,11.69,Jackson
285,11.51,Jackson
286,11.33,Jackson
287,11.14,Jackson
288,10.96,Jackson
289,10.77,Jackson
290,10.58,Jackson
291,10.38,Jackson
292,10.19,Jackson
293,9.99,Jackson
294,9.79,Jackson
295,9.59,Jackson
296,9.39,Jackson
297,9.18,Jackson
298,8.97,Jackson
299,8.77,Jackson
300,8.56,Jackson
301,8.34,Jackson
302,8.13,Jackson
303,7.91,Jackson
304,7.7,Jackson
305,7.48,Jackson
306,7.26,Jackson
307,7.03,Jackson
308,6.81,Jackson
309,6.58,Jackson
310,6.35,Jackson
311,6.13,Jackson
312,5.9,Jackson
313,5.66,Jackson
314,5.43,Jackson
315,5.19,Jackson
316,4.96,Jackson
317,4.72,Jackson
318,4.48,Jackson
319,4.24,Jackson
320,4,Jackson
321,3.75,Jackson
322,3.51,Jackson
323,3.26,Jackson
324,3.01,Jackson
325,2.76,Jackson
326,2.51,Jackson
327,2.26,Jackson
328,2,Jackson
329,1.75,Jackson
330,1.49,Jackson
331,1.23,Jackson
332,0.97,Jackson
333,0.7,Jackson
334,0.44,Jackson
335,0.17,Jackson
336,-0.09,Jackson
337,-0.36,Jackson
338,-0.63,Jackson
339,-0.9,Jackson
340,-1.18,Jackson
341,-1.45,Jackson
342,-1.73,Jackson
343,-2.01,Jackson
344,-2.29,Jackson
345,-2.57,Jackson
346,-2.86,Jackson
347,-3.14,Jackson
348,-3.43,Jackson
349,-3.72,Jackson
350,-4.01,Jackson
351,-4.3,Jackson
352,-4.6,Jackson
353,-4.89,Jackson
354,-5.19,Jackson
355,-5.49,Jackson
356,-5.79,Jackson
357,-6.1,Jackson
358,-6.4,Jackson
359,-6.71,Jackson
360,-7.02,Jackson
361,-7.33,Jackson
362,-7.64,Jackson
363,-7.96,Jackson
364,-8.27,Jackson
365,-8.59,Jackson
366,-8.91,Jackson
